/*
SQLyog Community v13.1.6 (64 bit)
MySQL - 10.1.16-MariaDB : Database - pembukuan_new
*********************************************************************
*/

/*!40101 SET NAMES utf8 */;

/*!40101 SET SQL_MODE=''*/;

/*!40014 SET @OLD_UNIQUE_CHECKS=@@UNIQUE_CHECKS, UNIQUE_CHECKS=0 */;
/*!40014 SET @OLD_FOREIGN_KEY_CHECKS=@@FOREIGN_KEY_CHECKS, FOREIGN_KEY_CHECKS=0 */;
/*!40101 SET @OLD_SQL_MODE=@@SQL_MODE, SQL_MODE='NO_AUTO_VALUE_ON_ZERO' */;
/*!40111 SET @OLD_SQL_NOTES=@@SQL_NOTES, SQL_NOTES=0 */;
CREATE DATABASE /*!32312 IF NOT EXISTS*/`pembukuan_new` /*!40100 DEFAULT CHARACTER SET latin1 */;

USE `pembukuan_new`;

/*Table structure for table `tbl_bahan` */

DROP TABLE IF EXISTS `tbl_bahan`;

CREATE TABLE `tbl_bahan` (
  `id_bahan` int(11) NOT NULL AUTO_INCREMENT,
  `nama_bahan` varchar(300) DEFAULT NULL,
  `harga_bahan` float DEFAULT NULL,
  `satuan_bahan` enum('botol','pack','roll','bungkus','meter','kg') DEFAULT NULL,
  `jml_bahan` int(11) DEFAULT NULL,
  PRIMARY KEY (`id_bahan`)
) ENGINE=InnoDB DEFAULT CHARSET=latin1;

/*Data for the table `tbl_bahan` */

/*Table structure for table `tbl_cup` */

DROP TABLE IF EXISTS `tbl_cup`;

CREATE TABLE `tbl_cup` (
  `id_cup` int(11) NOT NULL AUTO_INCREMENT,
  `nama_cup` varchar(300) DEFAULT NULL,
  `keterangan_cup` varchar(300) DEFAULT NULL,
  `harga_beli` float DEFAULT NULL,
  `harga_jual` float DEFAULT NULL,
  `stok` int(11) DEFAULT NULL,
  `harga_jual500` float DEFAULT NULL,
  `harga_jual1000` float DEFAULT NULL,
  `harga_jual2000` float DEFAULT NULL,
  PRIMARY KEY (`id_cup`)
) ENGINE=InnoDB AUTO_INCREMENT=24 DEFAULT CHARSET=latin1;

/*Data for the table `tbl_cup` */

insert  into `tbl_cup`(`id_cup`,`nama_cup`,`keterangan_cup`,`harga_beli`,`harga_jual`,`stok`,`harga_jual500`,`harga_jual1000`,`harga_jual2000`) values 
(7,'SAP 16oz','',300,610,2250,610,520,480),
(8,'SAP 14oz','',300,610,4500,610,520,480),
(9,'SAP 12oz','',300,610,6500,610,520,480),
(10,'SAP 16oz oval','',450,700,5000,700,620,600),
(11,'Intercup oval 12oz','',400,650,7500,650,600,550),
(12,'Intercup oval 16oz','',440,700,5000,700,650,600),
(13,'14oz oval Universal','',380,700,7500,700,620,600),
(14,'Starindo 22oz','',415,715,2500,715,700,670),
(15,'Starindo12oz','',230,1000,500,500,470,430),
(16,'Starindo14oz','',230,500,1000,500,470,430),
(17,'Starindo16oz','',230,500,500,500,470,430),
(18,'Tutup 22oz Starindo','',150,200,3000,200,200,200),
(19,'starindo 22oz+tutup','',565,925,2000,925,925,925),
(20,'ecorasa','',440,720,6000,720,680,630),
(22,'glasindo ','',460,750,0,750,700,670),
(23,'16oz oval universal','',380,700,9000,700,620,600);

/*Table structure for table `tbl_jenis_pengeluaran` */

DROP TABLE IF EXISTS `tbl_jenis_pengeluaran`;

CREATE TABLE `tbl_jenis_pengeluaran` (
  `id_jenis_pengeluaran` int(11) NOT NULL AUTO_INCREMENT,
  `keterangan_jenis` varchar(50) DEFAULT NULL,
  PRIMARY KEY (`id_jenis_pengeluaran`)
) ENGINE=InnoDB AUTO_INCREMENT=56 DEFAULT CHARSET=utf8mb4;

/*Data for the table `tbl_jenis_pengeluaran` */

insert  into `tbl_jenis_pengeluaran`(`id_jenis_pengeluaran`,`keterangan_jenis`) values 
(1,'Pengeluaran Lain'),
(2,'M3'),
(3,'M4'),
(4,'Ongkir Ekspedisi (Duta Trans, Bam, Mycourir)'),
(5,'Peralatan Toko'),
(6,'Bayclin'),
(7,'Sabun Colek'),
(8,'Tinta Hitam'),
(9,'Tinta Hijau'),
(10,'Tinta Merah'),
(11,'Tinta Putih'),
(12,'Tinta Kuning'),
(13,'Konsumsi Meeting'),
(14,'Akomodasi Perjalanan (Motor)'),
(15,'Akomodasi Perjalanan (Mobil)'),
(16,'Konsumsi Karyawan'),
(17,'Kain Screen'),
(18,'Karet Rekel'),
(19,'Biaya Print Desain & Brosur'),
(20,'Biaya Perlebaran Toko'),
(21,'Sampel Cup'),
(22,'Sumbangan Rutin'),
(23,'Minyak Goreng'),
(24,'Bremol'),
(25,'Harter'),
(26,'Lem Fox'),
(27,'Tisu'),
(28,'Kapas'),
(29,'Steples'),
(30,'Koran'),
(31,'Gajih Karyawan Amat'),
(32,'Gajih Karyawan Apid'),
(33,'Gajih Owner'),
(34,'Biaya Moulding'),
(35,'Ongkir Bahan Toko'),
(36,'Plastik Sampah'),
(37,'PDAM'),
(38,'Listrik'),
(39,'Konsumsi Toko (Galon & Cemilan)'),
(40,'Sewa Ruko'),
(41,'Tinta Biru'),
(42,'kain majun'),
(43,'galon'),
(44,'lakban'),
(45,'cicilan pinjaman dana'),
(46,'tinta printer hitam'),
(47,'tinta printer warna'),
(48,'admin kartu'),
(49,'editing konten iklan'),
(50,'cottonbud'),
(51,'diskon konsumen'),
(52,'kertas a4 '),
(53,'jaga malam'),
(54,'selang'),
(55,'karyawan freelance');

/*Table structure for table `tbl_karyawan` */

DROP TABLE IF EXISTS `tbl_karyawan`;

CREATE TABLE `tbl_karyawan` (
  `id_karyawan` int(11) NOT NULL AUTO_INCREMENT,
  `nama_karyawan` varchar(300) DEFAULT NULL,
  `alamat_karyawan` varchar(300) DEFAULT NULL,
  `telp_karyawan` varchar(15) DEFAULT NULL,
  `gaji_karyawan` float DEFAULT NULL,
  PRIMARY KEY (`id_karyawan`)
) ENGINE=InnoDB AUTO_INCREMENT=3 DEFAULT CHARSET=latin1;

/*Data for the table `tbl_karyawan` */

insert  into `tbl_karyawan`(`id_karyawan`,`nama_karyawan`,`alamat_karyawan`,`telp_karyawan`,`gaji_karyawan`) values 
(1,'1','1','1',1),
(2,'2','2','2',2222);

/*Table structure for table `tbl_operasional` */

DROP TABLE IF EXISTS `tbl_operasional`;

CREATE TABLE `tbl_operasional` (
  `id_operasional` int(11) NOT NULL AUTO_INCREMENT,
  `keterangan` varchar(300) DEFAULT NULL,
  `biaya_operasional` float DEFAULT NULL,
  `waktu_operasional` date DEFAULT NULL,
  PRIMARY KEY (`id_operasional`)
) ENGINE=InnoDB DEFAULT CHARSET=latin1;

/*Data for the table `tbl_operasional` */

/*Table structure for table `tbl_pelanggan` */

DROP TABLE IF EXISTS `tbl_pelanggan`;

CREATE TABLE `tbl_pelanggan` (
  `id_plg` int(11) NOT NULL AUTO_INCREMENT,
  `nama_plg` varchar(300) DEFAULT NULL,
  `alamat_plg` varchar(300) DEFAULT NULL,
  `telp_plg` varchar(15) DEFAULT NULL,
  PRIMARY KEY (`id_plg`)
) ENGINE=InnoDB AUTO_INCREMENT=163 DEFAULT CHARSET=latin1;

/*Data for the table `tbl_pelanggan` */

insert  into `tbl_pelanggan`(`id_plg`,`nama_plg`,`alamat_plg`,`telp_plg`) values 
(8,'si kuma kopi','bjb','1'),
(9,'kedai lembah kopi','bjb','2'),
(10,'to go kopi','bjb','3'),
(11,'fasya thaitea','bjb','4'),
(12,'nalnal thaitea','bjb','5'),
(13,'majelis thaitea','bjb','6'),
(14,'combie kopi','bjb','7'),
(15,'nyaman thaitea','bjb','8'),
(16,'cilcan thaitea','bjb','9'),
(17,'bu aya squad boba','bjb','10'),
(18,'Borneo Thaitea','bjb','11'),
(19,'unnie boba','bjb','12'),
(20,'Kukuk Thaitea','bjb','13'),
(21,'Seketus kopi','bjb','14'),
(22,'barabai thaitea','brb','15'),
(23,'Terace kopi','bjb','16'),
(24,'Postmemories kopi','ktb','17'),
(25,'okooko thaitea','bjb','18'),
(26,'om kopi','bjb','19'),
(27,'pentol yuk boba','mtp','20'),
(28,'nge thaitea','brb','21'),
(29,'point culture kopi','bjb','22'),
(30,'sajada kopi','bjb','23'),
(31,'maskop kopi','mtp','24'),
(32,'BalaiKuta Kopi','bjb','25'),
(33,'Tuska Kopi','bjb','26'),
(34,'nyum nyum thaitea','bjb','27'),
(35,'stbk kopi','bjb','28'),
(36,'Setara kopi','bjb','29'),
(37,'joker kopi','mtp','30'),
(38,'terserah kopi','bjb','31'),
(39,'derajat kopi','bjb','32'),
(40,'batiri kopi','bjb','33'),
(41,'samping rumah kopi','bjb','34'),
(42,'Second Home Kopi','plh','35'),
(43,'GarisKota Kopi','bjb','36'),
(44,'cub kopi','bjb','37'),
(45,'Mawa kopi','bjb','38'),
(46,'90\'s kopi','mtp','39'),
(47,'kembali tersenyum kopi','mtp','40'),
(48,'kubah kopi','bjb','41'),
(49,'u need  kopi','bjb','42'),
(50,'Naira Kopi','bjb','43'),
(51,'9.40 kopi','bjb','44'),
(52,'flow kopi','bjb','45'),
(53,'ruang saji kopi','bjb','46'),
(54,'kopi ganja','bjb','47'),
(55,'sahabat (azhar) kopi','bjb','48'),
(56,'mou kopi','bjb','49'),
(57,'sweetluck kopi','bjb','50'),
(58,'lentera kopi','bjm','51'),
(59,'bumbum thaitea','bjb','52'),
(60,'teman kopi','bjb','53'),
(61,'ngecup thaitea','bjb','54'),
(62,'situ kopi','bjb','55'),
(63,'covid19 kopi','bjb','56'),
(64,'sahabat kopi','bjb','57'),
(65,'Kiwi boba','mtp','58'),
(66,'kingboba','bjb','59'),
(67,'vokad kocok jus','bjb','60'),
(68,'sq thaitea','bjb','61'),
(69,'zooms buble boba','sei danau','62'),
(70,'kopi bar','bjb','63'),
(71,'nyotnyot thaitea','bjb','64'),
(72,'kamsia boba','bjb','65'),
(73,'xiexie boba','bjb','66'),
(74,'tentang kita kopi','bjm','67'),
(75,'mr boba ','sei danau','68'),
(76,'olla thaitea','bjb','69'),
(77,'kako x bantas','sei danau','70'),
(78,'kako sampit','sampit','71'),
(79,'smile boba','bjb','72'),
(80,'milenial boba','bjb','73'),
(81,'tentang kamu thai tea','bjb','74'),
(82,'oma thaitea','bjb','75'),
(83,'yordam ice','bjb','76'),
(84,'dizuzu thaitea','tabalong','77'),
(85,'u need  kopi','bjb','78'),
(86,'stevenly kopi','bjb','79'),
(87,'pondok thai','kdg','80'),
(88,'dansanak kopi','bjb','81'),
(89,'lantai satu','bjb','82'),
(90,'noname coffee and thaitea','bjb','83'),
(91,'walug corner thaitea','bjb','84'),
(92,'Samping teras kopi','plh','85'),
(93,'kingcocktail','bjb','86'),
(94,'tentang kita jl rahayu','bjb','87'),
(95,'07coffeebjb','bjb','88'),
(96,'gwean chana kopi','bjb','89'),
(97,'boba yoga','kintap','90'),
(98,'rafa thaitea','bjb','91'),
(99,'setara cafe','bjb','92'),
(100,'sigar banar','skp','93'),
(101,'mandiangin co','bjb','94'),
(102,'cofus kopi','kapuas','95'),
(103,'kopi kotaku','binuang','96'),
(104,'Medina coffee ','mtp','97'),
(105,'kotaku kopi','binuang\r\n','98'),
(106,'focus kopi','kapuas','99'),
(107,'kako bati bati','bati bati','100'),
(108,'kingboba kawan elsa','bjm','101'),
(109,'kawan santai kopi','bjb','102'),
(110,'kopi mae','bjm','103'),
(111,'Wafa Coffee','bjb','0'),
(112,'vokad kocok jus','bjb','1'),
(113,'Gaz kopi','bjb','105'),
(114,'two seasons kopi','mtp','107'),
(115,'zuzu','bjb','108'),
(116,'kalcer crunch','bjb','109'),
(117,'kopi ken','bjb','110'),
(118,'kopi selaras','bjb\r\n','111'),
(119,'geometri kopi','bjb','112'),
(120,'kopi nalar','bjb','113'),
(121,'di sruput kopi','mtp','114'),
(122,'the brader kopi','plh\r\n','115'),
(123,'kulo kopi','bjb','116'),
(124,'kovling kopi','bjb','117'),
(125,'westory drink','bjm','118'),
(126,'kopi sepuluh 11','bjm','119'),
(127,'suga boba','bjb','120'),
(128,'yumyum','skp','121'),
(129,'langit biru kopi','bjb','122'),
(130,'santri kopi','mtp','123'),
(131,'nyumnyumthai sei besar','bjb','124'),
(132,'kha pu ma thai','bjb','125'),
(133,'mengcoffe','bjb','126'),
(134,'abang kopi','bjb','127'),
(135,'linimasa kopi','plh','128'),
(136,'loka kopi','bjb','129'),
(137,'kopi sanak','bjb','130'),
(138,'hey kopi','mtp','131'),
(139,'kreammill','bjb','132'),
(140,'cafe santuy','bjb','133'),
(141,'msc 88 kopi','bjm','134'),
(142,'serius kopi','bjb','135'),
(143,'kevin cafe and resto','bjb','136'),
(144,'ghin\'s fresh drink','bjb','137'),
(145,'terjebak kopi','bjb','138'),
(146,'level derajat kopi','bjb','139'),
(147,'ignite kopi','bjm','140'),
(148,'limawaktu kopi','bjm','141'),
(149,'yeepayu thai','bjb','142'),
(150,'fruit kopi','bjb','143'),
(151,'dapurfuzzywuzzy','buntok\r\n','144'),
(152,'tentang kita mtp','mtp','145'),
(153,'bobanya abang','bjb','146'),
(154,'lotuc kopi','bjb','147'),
(155,'lotus kopi','bjb','148'),
(156,'semacam tonkrongan kopi','plh','149'),
(157,'barbanga','brb','150'),
(158,'rooka coffe','bjm','151'),
(159,'bengkel kopi','muara teweh','152'),
(160,'kopi cucu','pky','153'),
(161,'24/7 coffee','bjb','154'),
(162,'tanpa street coffee','plh','155');

/*Table structure for table `tbl_pemasukan` */

DROP TABLE IF EXISTS `tbl_pemasukan`;

CREATE TABLE `tbl_pemasukan` (
  `id_pemasukan` int(11) NOT NULL AUTO_INCREMENT,
  `id_plg` int(11) DEFAULT NULL,
  `id_cup` int(11) DEFAULT NULL,
  `jml_pembelian` int(11) DEFAULT NULL,
  `total_harga` float DEFAULT NULL,
  `tgl_pembelian` date DEFAULT NULL,
  `keterangan` varchar(150) DEFAULT NULL,
  `keterangan_cup` varchar(100) DEFAULT NULL,
  PRIMARY KEY (`id_pemasukan`)
) ENGINE=InnoDB AUTO_INCREMENT=526 DEFAULT CHARSET=latin1;

/*Data for the table `tbl_pemasukan` */

insert  into `tbl_pemasukan`(`id_pemasukan`,`id_plg`,`id_cup`,`jml_pembelian`,`total_harga`,`tgl_pembelian`,`keterangan`,`keterangan_cup`) values 
(1,17,17,500,265000,'2020-07-01','0','Starindo16oz'),
(2,12,14,500,375000,'2020-07-02','0','Starindo 22oz'),
(3,10,16,500,265000,'2020-07-02','0','Starindo14oz'),
(4,24,15,500,265000,'2020-07-05','0','Starindo12oz'),
(5,58,16,500,265000,'2020-07-09','0','Starindo14oz'),
(6,12,14,1000,725000,'2020-07-10','0','Starindo 22oz'),
(7,59,14,1000,725000,'2020-07-12','0','Starindo 22oz'),
(8,25,14,500,375000,'2020-07-12','0','Starindo 22oz'),
(9,26,10,1000,650000,'2020-07-13','0','SAP 16oz oval'),
(10,28,14,1000,725000,'2020-07-15','0','Starindo 22oz'),
(11,60,10,500,380000,'2020-07-15','0','SAP 16oz oval'),
(12,61,16,500,265000,'2020-07-17','0','Starindo14oz'),
(13,23,16,500,265000,'2020-07-17','0','Starindo14oz'),
(14,29,17,500,265000,'2020-07-19','0','Starindo16oz'),
(15,29,15,500,265000,'2020-07-19','0','Starindo12oz'),
(16,27,10,500,380000,'2020-07-19','0','SAP 16oz oval'),
(17,14,10,500,380000,'2020-07-23','0','SAP 16oz oval'),
(18,62,13,1000,650000,'2020-07-24','0','14oz oval Universal'),
(19,31,17,500,265000,'2020-07-26','0','Starindo16oz'),
(20,31,16,500,265000,'2020-07-26','0','Starindo14oz'),
(21,12,14,1000,725000,'2020-07-28','0','Starindo 22oz'),
(22,63,15,1000,500000,'2020-07-29','0','Starindo12oz'),
(23,64,17,500,265000,'2020-07-30','0','Starindo16oz'),
(24,20,19,600,555000,'2020-08-01','0','starindo 22oz+tutup'),
(25,20,19,400,370000,'2020-08-03','0','starindo 22oz+tutup'),
(26,65,10,1000,650000,'2020-08-03','0','SAP 16oz oval'),
(27,23,16,500,265000,'2020-08-03','0','Starindo14oz'),
(28,32,20,1000,710000,'2020-08-04','0','ecorasa'),
(29,66,10,500,380000,'2020-08-04','0','SAP 16oz oval'),
(30,30,13,500,380000,'2020-08-04','0','14oz oval Universal'),
(31,67,17,500,265000,'2020-08-05','0','Starindo16oz'),
(32,60,15,500,265000,'2020-08-05','0','Starindo12oz'),
(33,20,19,400,370000,'2020-08-06','0','starindo 22oz+tutup'),
(34,33,9,10000,4800000,'2020-08-06','0','SAP 12oz'),
(35,20,19,400,370000,'2020-08-07','0','starindo 22oz+tutup'),
(36,24,15,500,265000,'2020-08-07','0','Starindo12oz'),
(37,20,19,200,185000,'2020-08-08','0','starindo 22oz+tutup'),
(38,68,14,1000,725000,'2020-08-10','0','Starindo 22oz'),
(39,36,8,1000,530000,'2020-08-10','0','SAP 14oz'),
(40,20,19,200,185000,'2020-08-11','0','starindo 22oz+tutup'),
(41,69,13,1000,650000,'2020-08-11','0','14oz oval Universal'),
(42,37,13,1000,650000,'2020-08-12','0','14oz oval Universal'),
(43,20,19,200,185000,'2020-08-12','0','starindo 22oz+tutup'),
(44,70,17,500,265000,'2020-08-12','0','Starindo16oz'),
(45,8,13,500,380000,'2020-08-12','0','14oz oval Universal'),
(46,20,19,200,185000,'2020-08-13','0','starindo 22oz+tutup'),
(47,71,19,500,462500,'2020-08-13','0','starindo 22oz+tutup'),
(48,35,13,500,380000,'2020-08-14','0','14oz oval Universal'),
(49,19,15,500,265000,'2020-08-16','0','Starindo12oz'),
(50,20,19,400,370000,'2020-08-16','0','starindo 22oz+tutup'),
(51,60,10,1000,650000,'2020-08-17','0','SAP 16oz oval'),
(52,14,8,1000,530000,'2020-08-17','0','SAP 14oz'),
(53,20,19,400,370000,'2020-08-17','0','starindo 22oz+tutup'),
(54,72,12,1000,650000,'2020-08-18','0','Intercup oval 16oz'),
(55,74,7,500,310000,'2020-08-19','0','SAP 16oz'),
(56,20,19,400,370000,'2020-08-19','0','starindo 22oz+tutup'),
(57,12,14,1000,725000,'2020-08-21','0','Starindo 22oz'),
(58,40,16,500,265000,'2020-08-21','0','Starindo14oz'),
(59,20,19,400,370000,'2020-08-21','0','starindo 22oz+tutup'),
(60,34,14,500,375000,'2020-08-21','0','Starindo 22oz'),
(61,75,10,1000,650000,'2020-08-21','0','SAP 16oz oval'),
(62,16,14,500,375000,'2020-08-22','0','Starindo 22oz'),
(63,23,16,500,265000,'2020-08-23','0','Starindo14oz'),
(64,76,14,500,375000,'2020-08-24','0','Starindo 22oz'),
(65,76,17,500,265000,'2020-08-24','0','Starindo16oz'),
(66,29,16,500,265000,'2020-08-24','0','Starindo14oz'),
(67,29,15,500,265000,'2020-08-24','0','Starindo12oz'),
(68,20,19,600,555000,'2020-08-24','0','starindo 22oz+tutup'),
(69,16,10,250,190000,'2020-08-25','0','SAP 16oz oval'),
(70,39,12,1000,650000,'2020-08-25','0','Intercup oval 16oz'),
(71,20,19,400,370000,'2020-08-26','0','starindo 22oz+tutup'),
(72,43,13,2000,1260000,'2020-08-26','0','14oz oval Universal'),
(73,41,13,1000,650000,'2020-08-27','0','14oz oval Universal'),
(74,42,8,1000,530000,'2020-08-27','0','SAP 14oz'),
(75,20,19,400,370000,'2020-08-27','0','starindo 22oz+tutup'),
(76,24,15,500,265000,'2020-08-29','0','Starindo12oz'),
(77,20,19,200,185000,'2020-08-29','0','starindo 22oz+tutup'),
(79,20,19,200,185000,'2020-08-29','0','starindo 22oz+tutup'),
(80,11,14,500,375000,'2020-08-29','0','Starindo 22oz'),
(81,77,19,500,462500,'2020-08-29','0','starindo 22oz+tutup'),
(82,20,19,200,185000,'2020-08-31','0','starindo 22oz+tutup'),
(83,48,9,5000,2400000,'2020-08-31','0','SAP 12oz'),
(84,9,10,1000,650000,'2020-08-31','0','SAP 16oz oval'),
(85,27,10,500,380000,'2020-08-31','0','SAP 16oz oval'),
(86,79,10,500,380000,'2020-08-31','0','SAP 16oz oval'),
(87,78,14,500,375000,'2020-08-31','0','Starindo 22oz'),
(88,20,19,400,370000,'2020-08-31','0','starindo 22oz+tutup'),
(89,10,16,500,265000,'2020-09-01','0','Starindo14oz'),
(90,12,14,1000,725000,'2020-09-01','0','Starindo 22oz'),
(91,20,19,400,370000,'2020-09-01','0','starindo 22oz+tutup'),
(92,45,13,500,380000,'2020-09-01','0','14oz oval Universal'),
(93,20,19,400,370000,'2020-09-02','0','starindo 22oz+tutup'),
(94,19,15,500,265000,'2020-09-02','0','Starindo12oz'),
(95,20,19,400,370000,'2020-09-03','0','starindo 22oz+tutup'),
(96,25,14,500,375000,'2020-09-03','0','Starindo 22oz'),
(98,57,17,500,265000,'2020-09-04','0','Starindo16oz'),
(99,44,15,1000,500000,'2020-09-04','0','Starindo12oz'),
(100,20,19,400,370000,'2020-09-05','0','starindo 22oz+tutup'),
(101,80,10,500,380000,'2020-09-06','0','SAP 16oz oval'),
(102,46,8,1000,530000,'2020-09-07','0','SAP 14oz'),
(103,18,14,5000,3400000,'2020-09-07','0','Starindo 22oz'),
(104,20,19,400,370000,'2020-09-07','0','starindo 22oz+tutup'),
(105,82,14,500,375000,'2020-09-08','0','Starindo 22oz'),
(106,47,16,500,265000,'2020-09-08','0','Starindo14oz'),
(107,81,17,500,265000,'2020-09-08','0','Starindo16oz'),
(108,20,19,400,370000,'2020-09-11','0','starindo 22oz+tutup'),
(109,73,12,500,380000,'2020-09-12','0','Intercup oval 16oz'),
(110,34,14,500,375000,'2020-09-12','0','Starindo 22oz'),
(111,72,12,1000,650000,'2020-09-12','0','Intercup oval 16oz'),
(112,26,10,1000,650000,'2020-09-12','0','SAP 16oz oval'),
(113,53,20,1000,710000,'2020-09-14','0','ecorasa'),
(114,20,19,600,555000,'2020-09-14','0','starindo 22oz+tutup'),
(115,55,8,500,310000,'2020-09-12','0','SAP 14oz'),
(116,20,19,200,185000,'2020-09-15','0','starindo 22oz+tutup'),
(117,27,10,500,380000,'2020-09-15','0','SAP 16oz oval'),
(118,23,16,500,265000,'2020-09-15','0','Starindo14oz'),
(119,51,12,500,380000,'2020-09-16','0','Intercup oval 16oz'),
(120,20,19,600,555000,'2020-09-17','0','starindo 22oz+tutup'),
(121,52,13,500,380000,'2020-09-18','0','14oz oval Universal'),
(122,84,7,500,310000,'2020-09-18','0','SAP 16oz'),
(123,54,8,500,310000,'2020-09-18','0','SAP 14oz'),
(124,12,14,1000,725000,'2020-09-18','0','Starindo 22oz'),
(125,20,19,400,370000,'2020-09-19','0','starindo 22oz+tutup'),
(126,39,12,1000,650000,'2020-09-19','0','Intercup oval 16oz'),
(127,82,7,500,310000,'2020-09-19','0','SAP 16oz'),
(128,20,19,600,555000,'2020-09-21','0','starindo 22oz+tutup'),
(129,17,17,500,265000,'2020-09-22','0','Starindo16oz'),
(130,42,8,1000,530000,'2020-09-22','0','SAP 14oz'),
(131,86,13,500,380000,'2020-09-22','0','14oz oval Universal'),
(132,8,13,500,380000,'2020-09-22','0','14oz oval Universal'),
(133,29,16,500,265000,'2020-09-23','0','Starindo14oz'),
(134,20,19,400,370000,'2020-09-23','0','starindo 22oz+tutup'),
(135,45,8,500,310000,'2020-09-23','0','SAP 14oz'),
(136,87,19,1000,925000,'2020-09-25','0','starindo 22oz+tutup'),
(137,20,19,600,555000,'2020-09-25','0','starindo 22oz+tutup'),
(138,12,14,1000,725000,'2020-09-26','0','Starindo 22oz'),
(139,72,14,500,375000,'2020-09-26','0','Starindo 22oz'),
(140,88,7,500,310000,'2020-09-28','0','SAP 16oz'),
(141,20,19,600,555000,'2020-09-28','0','starindo 22oz+tutup'),
(142,83,17,500,265000,'2020-09-30','0','Starindo16oz'),
(143,20,19,400,370000,'2020-09-30','0','starindo 22oz+tutup'),
(144,16,14,500,375000,'2020-09-30','0','Starindo 22oz'),
(145,0,0,0,47500,'2020-07-01','sisa majelis bulan juni',NULL),
(146,0,0,0,50000,'2020-07-01','desain bu aya squad boba',NULL),
(147,0,0,0,50000,'2020-07-02','desain kopi to go',NULL),
(148,0,0,0,100000,'2020-07-04','botol kale 1ltr',NULL),
(149,0,0,0,50000,'2020-07-05','desain postmemories kopi',NULL),
(150,0,0,0,1350000,'2020-07-08','project 101 kopi',NULL),
(151,0,0,0,50000,'2020-07-09','desain lentera kopi',NULL),
(152,0,0,0,135000,'2020-07-12','biaya ongkir bumbum',NULL),
(153,0,0,0,50000,'2020-07-12','desain okooko',NULL),
(154,0,0,0,50000,'2020-07-13','desain om kopi',NULL),
(155,0,0,0,20000000,'2020-07-15','investor bapake',NULL),
(156,0,0,0,50000,'2020-07-15','desain ngethaitea',NULL),
(157,0,0,0,50000,'2020-07-15','desain teman kopi',NULL),
(158,0,0,0,50000,'2020-07-17','desain ngecup',NULL),
(159,0,0,0,50000,'2020-07-19','desain pointculture kopi',NULL),
(160,0,0,0,50000,'2020-07-19','desain pentolyuk',NULL),
(161,0,0,0,50000,'2020-07-23','desain combie kopi',NULL),
(162,0,0,0,60000,'2020-07-23','desain teman kopi',NULL),
(163,0,0,0,50000,'2020-07-24','desain situkopi',NULL),
(164,0,0,0,50000,'2020-07-26','desain maskop',NULL),
(165,0,0,0,700000,'2020-07-28','rama bayar pintu',NULL),
(166,0,0,0,50000,'2020-07-29','desain covid19 kopi',NULL),
(167,0,0,0,2910000,'2020-07-30','pembayaran kukkuk thaitea',NULL),
(168,0,0,0,50000,'2020-07-30','desain sahabat kopi',NULL),
(169,0,0,0,40000,'2020-08-04','desain balaikuta kopi',NULL),
(170,0,0,0,50000,'2020-08-05','desain vokad kocok',NULL),
(171,0,0,0,50000,'2020-08-06','desain tuska kopi',NULL),
(172,0,0,0,50000,'2020-08-07','desain baru postmemories',NULL),
(173,0,0,0,50000,'2020-08-10','desainsq thaitea',NULL),
(174,0,0,0,50000,'2020-08-10','desain setara kopi',NULL),
(175,0,0,0,50000,'2020-08-11','desain zooms buble',NULL),
(176,0,0,0,50000,'2020-08-12','desain joker kopi',NULL),
(177,0,0,0,50000,'2020-08-12','desain kopibar',NULL),
(178,0,0,0,50000,'2020-08-12','desain balaikuta kopi',NULL),
(179,0,0,0,50000,'2020-08-13','desain kuma kopi baru',NULL),
(180,0,0,0,50000,'2020-08-13','desain nyonyotthaitea',NULL),
(181,0,0,0,50000,'2020-08-14','desain stbk',NULL),
(182,0,0,0,50000,'2020-08-14','desain teman kopi hut RI',NULL),
(183,0,0,0,300000,'2020-08-17','sealercup',NULL),
(184,0,0,0,50000,'2020-08-18','desain kamsia',NULL),
(185,0,0,0,50000,'2020-08-19','desain tentang kita',NULL),
(186,0,0,0,50000,'2020-08-21','desain batiri kopi',NULL),
(187,0,0,0,50000,'2020-08-21','desain nyumnyum',NULL),
(188,0,0,0,50000,'2020-08-21','desain mr boba',NULL),
(189,0,0,0,50000,'2020-08-24','desain olla thaitea',NULL),
(190,0,0,0,30000,'2020-08-25','desain derajat',NULL),
(191,0,0,0,700000,'2020-08-26','desain garis kota',NULL),
(192,0,0,0,50000,'2020-08-27','desain samping rumah',NULL),
(193,0,0,0,50000,'2020-08-27','desain second home',NULL),
(194,0,0,0,100000,'2020-08-27','tinta hijau tuska',NULL),
(195,0,0,0,75000,'2020-08-29','cilcain cas',NULL),
(196,0,0,0,80000,'2020-08-29','kukuk ganti tinta dan desain',NULL),
(197,0,0,0,50000,'2020-08-29','desain kako x bantas',NULL),
(198,0,0,0,50000,'2020-08-31','desain kubah',NULL),
(199,0,0,0,50000,'2020-08-31','desain smile boba',NULL),
(200,0,0,0,50000,'2020-08-31','desain kako sampit',NULL),
(201,0,0,0,50000,'2020-09-01','desain mawa',NULL),
(202,0,0,0,50000,'2020-09-03','desain kiwi boba',NULL),
(203,0,0,0,50000,'2020-09-04','desain sweetluck',NULL),
(204,0,0,0,50000,'2020-09-04','desain cub kopi',NULL),
(205,0,0,0,50000,'2020-09-06','desain milenial',NULL),
(206,0,0,0,50000,'2020-09-07','desain 90\'s kopi',NULL),
(207,0,0,0,50000,'2020-09-08','desain oma thai',NULL),
(208,0,0,0,50000,'2020-09-08','desain kembali tersenyum',NULL),
(209,0,0,0,50000,'2020-09-08','desain tentang kamu',NULL),
(210,0,0,0,50000,'2020-09-09','desain naira',NULL),
(211,0,0,0,50000,'2020-09-09','desain mou',NULL),
(212,0,0,0,50000,'2020-09-12','desain xiexie',NULL),
(213,0,0,0,125000,'2020-09-14','jasa sablon sahabat kopi',NULL),
(214,0,0,0,50000,'2020-09-14','desain sahabat kopi',NULL),
(215,0,0,0,50000,'2020-09-14','desain ruang saji',NULL),
(216,0,0,0,50000,'2020-09-16','desain 9.40 kopi',NULL),
(217,0,0,0,50000,'2020-09-18','desain flowkopi',NULL),
(218,0,0,0,50000,'2020-09-18','desain dizuzu',NULL),
(219,0,0,0,50000,'2020-09-18','desain kopi ganja',NULL),
(220,0,0,0,50000,'2020-09-19','desain u need kopi',NULL),
(221,0,0,0,50000,'2020-09-22','desain stevenly',NULL),
(222,0,0,0,50000,'2020-09-22','desain kuma kopi baru',NULL),
(223,0,0,0,50000,'2020-09-25','desain pondok thai',NULL),
(224,0,0,0,50000,'2020-09-28','desain dansanak kopi',NULL),
(225,0,0,0,5774400,'2020-09-30','duit sisa kas',NULL),
(226,60,8,1000,530000,'2020-08-29','0','SAP 14oz'),
(227,20,19,400,370000,'2020-09-09','0','starindo 22oz+tutup'),
(228,29,15,500,265000,'2020-09-23','0','Starindo12oz'),
(231,32,11,2000,1260000,'2020-08-12','0','Intercup oval 12oz'),
(232,43,11,2000,1260000,'2020-08-26','0','Intercup oval 12oz'),
(233,32,11,2000,1260000,'2020-08-27','0','Intercup oval 12oz'),
(234,32,11,3000,1890000,'2020-09-07','0','Intercup oval 12oz'),
(235,50,11,1000,650000,'2020-09-09','0','Intercup oval 12oz'),
(236,56,11,1000,650000,'2020-09-09','0','Intercup oval 12oz'),
(237,49,11,1000,650000,'2020-09-10','0','Intercup oval 12oz'),
(238,32,11,2000,1260000,'2020-09-29','0','Intercup oval 12oz'),
(239,13,14,1000,725000,'2020-09-30','0','Starindo 22oz'),
(240,1,1,0,0,'2020-10-01',NULL,NULL),
(241,89,8,500,310000,'2020-10-01','0','SAP 14oz'),
(243,90,13,500,362500,'2020-10-01','0','14oz oval Universal'),
(244,90,10,500,365000,'2020-10-01','0','SAP 16oz oval'),
(245,43,11,2000,1240000,'2020-10-01','0','Intercup oval 12oz'),
(246,91,14,500,375000,'2020-10-01','0','Starindo 22oz'),
(247,92,16,500,250000,'2020-10-02','0','Starindo14oz'),
(248,20,19,400,370000,'2020-10-02','0','starindo 22oz+tutup'),
(249,93,17,500,250000,'2020-10-03','0','Starindo16oz'),
(250,94,7,500,310000,'2020-10-03','0','SAP 16oz'),
(251,0,0,0,130000,'2020-10-03','tutup sap 16oz',NULL),
(252,98,17,500,250000,'2020-10-04','0','Starindo16oz'),
(253,98,14,500,375000,'2020-10-04','0','Starindo 22oz'),
(254,0,0,0,15000,'2020-10-04','tambahan rafa thaitea',NULL),
(255,95,11,500,370000,'2020-10-05','0','Intercup oval 12oz'),
(256,0,0,0,70000,'2020-10-05','sealercup',NULL),
(257,20,19,800,740000,'2020-10-05','0','starindo 22oz+tutup'),
(258,0,0,0,40000,'2020-10-05','ces tinta biru',NULL),
(259,23,11,500,370000,'2020-10-05','0','Intercup oval 12oz'),
(260,97,10,500,365000,'2020-10-05','0','SAP 16oz oval'),
(261,82,14,500,375000,'2020-10-06','0','Starindo 22oz'),
(262,20,19,800,740000,'2020-10-06','0','starindo 22oz+tutup'),
(263,9,10,1000,640000,'2020-10-06','0','SAP 16oz oval'),
(264,99,13,500,362500,'2020-10-06','0','14oz oval Universal'),
(265,96,11,500,370000,'2020-10-07','0','Intercup oval 12oz'),
(266,83,17,500,250000,'2020-10-07','0','Starindo16oz'),
(267,53,20,1000,710000,'2020-10-08','0','ecorasa'),
(268,20,19,600,555000,'2020-10-09','0','starindo 22oz+tutup'),
(269,12,14,1000,700000,'2020-10-09','0','Starindo 22oz'),
(270,100,14,500,375000,'2020-10-09','0','Starindo 22oz'),
(271,101,8,500,310000,'2020-10-09','0','SAP 14oz'),
(272,30,13,1000,640000,'2020-10-09','0','14oz oval Universal'),
(273,72,13,1000,640000,'2020-10-10','0','14oz oval Universal'),
(274,0,0,0,200000,'2020-10-11','rafa bayar tututp',NULL),
(275,87,19,2000,1850000,'2020-10-11','0','starindo 22oz+tutup'),
(276,20,19,400,370000,'2020-10-12','0','starindo 22oz+tutup'),
(277,0,0,0,66500,'2020-10-12','ongkir rafa',NULL),
(278,102,13,1000,640000,'2020-10-13','0','14oz oval Universal'),
(279,32,11,2000,1240000,'2020-10-13','0','Intercup oval 12oz'),
(280,0,0,0,20000,'2020-10-13','tambahan balaikuta',NULL),
(281,49,11,1000,640000,'2020-10-13','0','Intercup oval 12oz'),
(282,20,19,400,370000,'2020-10-13','0','starindo 22oz+tutup'),
(283,0,0,0,56500,'2020-10-13','ongkir rafa',NULL),
(284,39,12,1000,640000,'2020-10-13','0','Intercup oval 16oz'),
(285,103,11,500,370000,'2020-10-13','0','Intercup oval 12oz'),
(286,20,19,400,370000,'2020-10-14','0','starindo 22oz+tutup'),
(287,27,10,1000,640000,'2020-10-14','0','SAP 16oz oval'),
(288,27,14,500,375000,'2020-10-14','0','Starindo 22oz'),
(289,29,15,1000,470000,'2020-10-14','0','Starindo12oz'),
(290,29,16,1000,470000,'2020-10-14','0','Starindo14oz'),
(291,90,10,500,365000,'2020-10-14','0','SAP 16oz oval'),
(292,104,10,500,365000,'2020-10-14','0','SAP 16oz oval'),
(293,0,0,0,20000,'2020-10-14','ongkir duta trans kopi kotaku',NULL),
(294,107,14,500,375000,'2020-10-15','0','Starindo 22oz'),
(295,40,8,1000,530000,'2020-10-16','0','SAP 14oz'),
(296,108,10,500,365000,'2020-10-16','0','SAP 16oz oval'),
(297,109,11,1000,640000,'2020-10-17','0','Intercup oval 12oz'),
(298,20,19,400,370000,'2020-10-17','0','starindo 22oz+tutup'),
(299,76,14,500,375000,'2020-10-17','0','Starindo 22oz'),
(300,20,19,400,370000,'2020-10-19','0','starindo 22oz+tutup'),
(301,0,0,0,50000,'2020-10-19','refund catride',NULL),
(302,44,15,1000,470000,'2020-10-20','0','Starindo12oz'),
(303,20,19,400,370000,'2020-10-20','0','starindo 22oz+tutup'),
(304,45,11,500,370000,'2020-10-21','0','Intercup oval 12oz'),
(305,83,17,500,250000,'2020-10-21','0','Starindo16oz'),
(306,20,19,600,555000,'2020-10-22','0','starindo 22oz+tutup'),
(307,18,14,4000,2680000,'2020-10-22','0','Starindo 22oz'),
(308,110,11,2000,1240000,'2020-10-22','0','Intercup oval 12oz'),
(309,18,16,500,250000,'2020-10-22','0','Starindo14oz'),
(311,42,8,1000,530000,'2020-10-23','0','SAP 14oz'),
(312,111,20,1000,710000,'2020-10-23','0','ecorasa'),
(313,0,0,0,250000,'2020-10-23','Tutup 2.000 pcs',NULL),
(314,112,10,500,365000,'2020-10-24','0','SAP 16oz oval'),
(317,24,15,500,250000,'2020-10-24','0','Starindo12oz'),
(318,20,19,400,370000,'2020-10-24','0','starindo 22oz+tutup'),
(319,39,15,500,250000,'2020-10-26','0','Starindo12oz'),
(320,20,19,400,370000,'2020-10-26','0','starindo 22oz+tutup'),
(321,82,14,500,375000,'2020-10-27','0','Starindo 22oz'),
(322,9,10,1000,640000,'2020-10-27','0','SAP 16oz oval'),
(323,20,19,400,370000,'2020-10-27','0','starindo 22oz+tutup'),
(324,113,16,500,250000,'2020-10-27','0','Starindo14oz'),
(325,66,10,1000,640000,'2020-10-23','0','SAP 16oz oval'),
(326,10,8,500,310000,'2020-10-28','0','SAP 14oz'),
(327,114,11,2250,1395000,'2020-10-28','0','Intercup oval 12oz'),
(328,0,0,0,200000,'2020-10-28','mama elsa',NULL),
(331,46,8,1000,530000,'2020-10-29','0','SAP 14oz'),
(332,12,14,1000,700000,'2020-10-29','0','Starindo 22oz'),
(333,14,9,1000,530000,'2020-10-30','0','SAP 12oz'),
(335,0,0,0,25000,'2020-10-31','ces gaz coffee',NULL),
(336,52,13,500,362500,'2020-10-31','0','14oz oval Universal'),
(337,20,19,800,740000,'2020-10-31','0','starindo 22oz+tutup'),
(338,13,14,1000,700000,'2020-10-31','0','Starindo 22oz'),
(339,115,12,500,370000,'2020-10-31','0','Intercup oval 16oz'),
(340,1,1,0,0,'2020-11-01',NULL,NULL),
(341,103,11,500,370000,'2020-11-01','0','Intercup oval 12oz'),
(342,32,11,2000,1240000,'2020-11-01','0','Intercup oval 12oz'),
(343,87,19,2000,1850000,'2020-11-01','0','starindo 22oz+tutup'),
(344,20,19,400,370000,'2020-11-02','0','starindo 22oz+tutup'),
(345,116,7,500,310000,'2020-11-02','0','SAP 16oz'),
(346,73,10,1000,640000,'2020-11-02','0','SAP 16oz oval'),
(347,122,9,500,310000,'2020-11-02','0','SAP 12oz'),
(348,83,17,500,250000,'2020-11-02','0','Starindo16oz'),
(349,123,10,1000,640000,'2020-11-02','0','SAP 16oz oval'),
(350,124,17,500,250000,'2020-11-02','0','Starindo16oz'),
(351,90,10,500,365000,'2020-11-02','0','SAP 16oz oval'),
(352,20,19,600,555000,'2020-11-03','0','starindo 22oz+tutup'),
(353,118,16,500,250000,'2020-11-03','0','Starindo14oz'),
(354,0,0,0,80000,'2020-11-03','tutup selaras kopi',NULL),
(355,120,13,1000,640000,'2020-11-03','0','14oz oval Universal'),
(356,121,20,500,375000,'2020-11-04','0','ecorasa'),
(357,119,10,500,365000,'2020-11-04','0','SAP 16oz oval'),
(358,54,8,1000,530000,'2020-11-04','0','SAP 14oz'),
(359,0,0,0,29000,'2020-11-04','ongkir the brader kopi',NULL),
(360,125,17,500,250000,'2020-11-05','0','Starindo16oz'),
(361,20,19,400,370000,'2020-11-05','0','starindo 22oz+tutup'),
(362,70,13,500,362500,'2020-11-05','0','14oz oval Universal'),
(363,60,8,2000,960000,'2020-11-06','0','SAP 14oz'),
(364,0,0,0,120000,'2020-11-06','botol 250kale teman kopi',NULL),
(365,20,19,400,370000,'2020-11-06','0','starindo 22oz+tutup'),
(366,42,8,1000,530000,'2020-11-06','0','SAP 14oz'),
(367,127,10,500,365000,'2020-11-07','0','SAP 16oz oval'),
(368,33,9,5000,2400000,'2020-11-07','0','SAP 12oz'),
(369,17,17,500,250000,'2020-11-08','0','Starindo16oz'),
(370,53,20,1000,710000,'2020-11-09','0','ecorasa'),
(371,20,19,800,740000,'2020-11-09','0','starindo 22oz+tutup'),
(372,128,7,1000,530000,'2020-11-09','0','SAP 16oz'),
(373,66,10,500,365000,'2020-11-09','0','SAP 16oz oval'),
(374,43,11,2000,1240000,'2020-11-10','0','Intercup oval 12oz'),
(375,0,0,0,700000,'2020-11-07','sealercup',NULL),
(376,86,13,1000,640000,'2020-11-10','0','14oz oval Universal'),
(377,55,8,500,310000,'2020-11-10','0','SAP 14oz'),
(378,55,7,500,310000,'2020-11-10','0','SAP 16oz'),
(379,23,11,1000,640000,'2020-11-10','0','Intercup oval 12oz'),
(380,45,15,500,250000,'2020-11-10','0','Starindo12oz'),
(381,129,11,2000,1240000,'2020-11-11','0','Intercup oval 12oz'),
(382,130,13,500,362500,'2020-11-11','0','14oz oval Universal'),
(383,20,19,400,370000,'2020-11-11','0','starindo 22oz+tutup'),
(384,8,13,500,362500,'2020-11-11','0','14oz oval Universal'),
(385,49,11,1000,640000,'2020-11-11','0','Intercup oval 12oz'),
(386,126,20,1000,710000,'2020-11-12','0','ecorasa'),
(387,32,11,2000,1240000,'2020-11-12','0','Intercup oval 12oz'),
(388,95,9,500,310000,'2020-11-12','0','SAP 12oz'),
(389,12,14,1000,700000,'2020-11-12','0','Starindo 22oz'),
(390,39,12,1000,640000,'2020-11-13','0','Intercup oval 16oz'),
(391,135,8,1000,530000,'2020-11-13','0','SAP 14oz'),
(392,134,11,500,370000,'2020-11-13','0','Intercup oval 12oz'),
(393,20,19,600,555000,'2020-11-13','0','starindo 22oz+tutup'),
(394,133,16,1000,470000,'2020-11-14','0','Starindo14oz'),
(395,131,14,500,375000,'2020-11-14','0','Starindo 22oz'),
(396,0,0,0,200000,'2020-11-14','tutup 22oz 1000pcs',NULL),
(397,132,14,500,375000,'2020-11-14','0','Starindo 22oz'),
(398,20,19,400,370000,'2020-11-14','0','starindo 22oz+tutup'),
(399,13,14,1000,700000,'2020-11-16','0','Starindo 22oz'),
(400,0,0,0,200000,'2020-11-16','tutup 22oz 1000pcs',NULL),
(401,83,17,500,250000,'2020-11-16','0','Starindo16oz'),
(402,72,12,1000,640000,'2020-11-16','0','Intercup oval 16oz'),
(403,90,10,500,365000,'2020-11-17','0','SAP 16oz oval'),
(404,20,19,400,370000,'2020-11-17','0','starindo 22oz+tutup'),
(405,119,11,500,370000,'2020-11-18','0','Intercup oval 12oz'),
(406,136,8,1000,530000,'2020-11-18','0','SAP 14oz'),
(407,138,11,500,370000,'2020-11-18','0','Intercup oval 12oz'),
(408,138,13,500,362500,'2020-11-18','0','14oz oval Universal'),
(409,29,16,2000,860000,'2020-11-18','0','Starindo14oz'),
(410,89,9,500,310000,'2020-11-18','0','SAP 12oz'),
(411,140,8,500,310000,'2020-11-18','0','SAP 14oz'),
(412,0,0,0,70000,'2020-11-18','sealercup',NULL),
(413,20,19,400,370000,'2020-11-20','0','starindo 22oz+tutup'),
(414,110,11,2000,1240000,'2020-11-21','0','Intercup oval 12oz'),
(415,139,7,1000,530000,'2020-11-21','0','SAP 16oz'),
(416,103,11,500,370000,'2020-11-23','0','Intercup oval 12oz'),
(417,18,14,5000,3350000,'2020-11-23','0','Starindo 22oz'),
(418,20,19,400,370000,'2020-11-23','0','starindo 22oz+tutup'),
(419,137,8,500,310000,'2020-11-23','0','SAP 14oz'),
(420,20,19,400,370000,'2020-11-23','0','starindo 22oz+tutup'),
(421,142,13,500,362500,'2020-11-23','0','14oz oval Universal'),
(422,0,0,0,70000,'2020-11-23','sealercup',NULL),
(423,141,9,1000,530000,'2020-11-24','0','SAP 12oz'),
(424,12,14,1000,700000,'2020-11-24','0','Starindo 22oz'),
(425,87,19,2000,1850000,'2020-11-25','0','starindo 22oz+tutup'),
(426,0,0,0,25000,'2020-11-24','ongkir kapuas',NULL),
(428,90,10,500,365000,'2020-11-27','0','SAP 16oz oval'),
(429,90,13,500,362500,'2020-11-27','0','14oz oval Universal'),
(430,9,10,1000,640000,'2020-11-26','0','SAP 16oz oval'),
(431,143,13,500,362500,'2020-11-26','0','14oz oval Universal'),
(432,102,13,1000,640000,'2020-11-26','0','14oz oval Universal'),
(433,0,0,0,24000,'2020-11-26','ongkir bjb-kapuas',NULL),
(434,82,14,500,375000,'2020-11-26','0','Starindo 22oz'),
(435,0,0,0,70000,'2020-11-27','sealercup 07kopi',NULL),
(436,113,16,500,250000,'2020-11-27','0','Starindo14oz'),
(437,32,11,2000,1240000,'2020-11-28','0','Intercup oval 12oz'),
(438,20,19,800,740000,'2020-11-27','0','starindo 22oz+tutup'),
(439,144,13,500,362500,'2020-11-28','0','14oz oval Universal'),
(440,148,9,1000,530000,'2020-11-28','0','SAP 12oz'),
(441,0,0,0,10000,'2020-11-28','tambahan ojan',NULL),
(442,88,17,500,250000,'2020-11-29','0','Starindo16oz'),
(443,54,8,1000,530000,'2020-11-28','0','SAP 14oz'),
(444,42,8,2000,960000,'2020-11-28','0','SAP 14oz'),
(445,140,8,1000,530000,'2020-11-30','0','SAP 14oz'),
(446,0,0,0,70000,'2020-11-30','sealercup cafe santuy',NULL),
(447,76,16,500,250000,'2020-12-01','0','Starindo14oz'),
(449,20,19,600,555000,'2020-12-01','0','starindo 22oz+tutup'),
(450,149,17,500,250000,'2020-12-01','0','Starindo16oz'),
(451,27,14,1000,700000,'2020-12-02','0','Starindo 22oz'),
(452,56,11,1000,600000,'2020-12-02','0','Intercup oval 12oz'),
(453,35,16,1000,470000,'2020-12-02','0','Starindo14oz'),
(454,46,8,500,305000,'2020-12-02','0','SAP 14oz'),
(455,0,0,0,40000,'2020-12-02','tambahan mou harga desember',NULL),
(456,83,17,500,250000,'2020-12-04','0','Starindo16oz'),
(457,76,17,500,250000,'2020-12-04','0','Starindo16oz'),
(458,76,14,500,357500,'2020-12-04','0','Starindo 22oz'),
(459,0,0,0,7500,'2020-12-04','tambahan olla  22oz m1',NULL),
(460,94,7,500,305000,'2020-12-04','0','SAP 16oz'),
(461,0,0,0,135000,'2020-12-04','tutup sap 16oz',NULL),
(462,60,15,500,250000,'2020-12-04','0','Starindo12oz'),
(463,60,8,2000,960000,'2020-12-04','0','SAP 14oz'),
(464,20,19,400,370000,'2020-12-04','0','starindo 22oz+tutup'),
(465,45,15,500,250000,'2020-12-04','0','Starindo12oz'),
(467,150,17,500,250000,'2020-12-05','0','Starindo16oz'),
(468,0,0,0,100000,'2020-12-05','tutup 16oz starindo 500',NULL),
(470,0,0,0,65000,'2020-12-05','ongkir dapurfuzzywuzzy',NULL),
(471,27,10,1000,620000,'2020-12-05','0','SAP 16oz oval'),
(472,99,13,500,350000,'2020-12-05','0','14oz oval Universal'),
(473,114,11,2000,1100000,'2020-12-05','0','Intercup oval 12oz'),
(474,152,7,500,305000,'2020-12-05','0','SAP 16oz'),
(475,0,0,0,100000,'2020-12-05','tambahan twoseason ',NULL),
(476,100,14,500,357500,'2020-12-05','0','Starindo 22oz'),
(477,0,0,0,20000,'2020-12-05','tambahan sigar',NULL),
(478,153,13,500,350000,'2020-12-06','0','14oz oval Universal'),
(479,20,19,800,740000,'2020-12-07','0','starindo 22oz+tutup'),
(480,32,11,2000,1100000,'2020-12-07','0','Intercup oval 12oz'),
(481,115,10,500,350000,'2020-12-07','0','SAP 16oz oval'),
(482,0,0,0,160000,'2020-12-07','tambahan balaikuta',NULL),
(483,120,11,1000,600000,'2020-12-08','0','Intercup oval 12oz'),
(484,127,12,500,350000,'2020-12-08','0','Intercup oval 16oz'),
(485,128,17,1000,470000,'2020-12-08','0','Starindo16oz'),
(486,87,14,2000,1340000,'2020-12-08','0','Starindo 22oz'),
(487,0,0,0,400000,'2020-12-08','2000pcs tutup 220z',NULL),
(488,90,10,500,350000,'2020-12-08','0','SAP 16oz oval'),
(489,159,13,1000,620000,'2020-12-08','0','14oz oval Universal'),
(490,0,0,0,65000,'2020-12-08','ongkir bam cargo bengkel kopi - muara teweh',NULL),
(491,20,19,800,740000,'2020-12-09','0','starindo 22oz+tutup'),
(492,145,20,1000,710000,'2020-12-09','0','ecorasa'),
(493,95,11,500,325000,'2020-12-10','0','Intercup oval 12oz'),
(494,25,14,500,357500,'2020-12-10','0','Starindo 22oz'),
(495,156,8,1000,520000,'2020-12-10','0','SAP 14oz'),
(496,0,0,0,30000,'2020-12-10','ongkir semacam tongkrongan kopi',NULL),
(497,157,12,500,350000,'2020-12-11','0','Intercup oval 16oz'),
(498,140,8,1000,520000,'2020-12-11','0','SAP 14oz'),
(499,49,11,1000,600000,'2020-12-11','0','Intercup oval 12oz'),
(500,93,17,500,250000,'2020-12-12','0','Starindo16oz'),
(501,160,11,1000,600000,'2020-12-12','0','Intercup oval 12oz'),
(502,133,8,500,305000,'2020-12-12','0','SAP 14oz'),
(503,0,0,0,30000,'2020-12-12','ongkir cup duta trans pky kopi cucu',NULL),
(504,12,14,1000,700000,'2020-12-12','0','Starindo 22oz'),
(505,161,16,500,250000,'2020-12-12','0','Starindo14oz'),
(506,158,20,500,360000,'2020-12-12','0','ecorasa'),
(507,155,11,500,325000,'2020-12-12','0','Intercup oval 12oz'),
(508,77,14,500,357500,'2020-12-13','0','Starindo 22oz'),
(509,162,11,500,325000,'2020-12-13','0','Intercup oval 12oz'),
(510,137,8,500,305000,'2020-12-13','0','SAP 14oz'),
(511,151,12,500,350000,'2020-12-13','0','Intercup oval 16oz'),
(512,0,0,0,65000,'2020-12-13','ongkir dapurfuzzywuzzy',NULL),
(514,134,11,500,325000,'2020-12-14','0','Intercup oval 12oz'),
(515,117,15,1000,470000,'2020-12-14','0','Starindo12oz'),
(516,0,0,0,45000,'2020-12-15','ongkir barbangga',NULL),
(517,143,13,500,350000,'2020-12-15','0','14oz oval Universal'),
(518,136,8,1000,520000,'2020-12-15','0','SAP 14oz'),
(519,39,12,1000,650000,'2020-12-16','0','Intercup oval 16oz'),
(520,63,8,1000,520000,'2020-12-16','0','SAP 14oz'),
(521,72,14,500,357500,'2020-12-16','0','Starindo 22oz'),
(522,103,11,1000,600000,'2020-12-16','0','Intercup oval 12oz'),
(523,20,19,1000,925000,'2020-12-14','0','starindo 22oz+tutup'),
(524,20,19,400,370000,'2020-12-17','0','starindo 22oz+tutup'),
(525,48,9,1000,520000,'2020-12-17','0','SAP 12oz');

/*Table structure for table `tbl_pengeluaran` */

DROP TABLE IF EXISTS `tbl_pengeluaran`;

CREATE TABLE `tbl_pengeluaran` (
  `id_pengeluaran` int(11) NOT NULL AUTO_INCREMENT,
  `keterangan` varchar(300) DEFAULT NULL,
  `jml_pengeluaran` float DEFAULT NULL,
  `tgl_pengeluaran` date DEFAULT NULL,
  `id_jenis_pengeluaran` int(11) DEFAULT NULL,
  PRIMARY KEY (`id_pengeluaran`)
) ENGINE=InnoDB AUTO_INCREMENT=976 DEFAULT CHARSET=latin1;

/*Data for the table `tbl_pengeluaran` */

insert  into `tbl_pengeluaran`(`id_pengeluaran`,`keterangan`,`jml_pengeluaran`,`tgl_pengeluaran`,`id_jenis_pengeluaran`) values 
(5,'m3',38000,'2020-07-01',2),
(6,'lakban',5000,'2020-07-01',5),
(7,'minyak goreng ',6000,'2020-07-01',23),
(8,'gajih amat',25000,'2020-07-01',31),
(9,'Beli Cup Starindo 22oz',430000,'2020-07-01',1),
(10,'500pcs tutup starindo 22oz',100000,'2020-07-01',1),
(11,'Biaya desain',30000,'2020-07-01',19),
(12,'akomodasi amat',20000,'2020-07-01',14),
(13,'500pcs 16oz Starindo',115000,'2020-07-02',1),
(14,'gajih amat',50000,'2020-07-02',31),
(15,'biaya desain',30000,'2020-07-02',19),
(16,'bremol',90000,'2020-07-02',24),
(17,'Moulding',50000,'2020-07-02',34),
(18,'akomodasi mobil',40000,'2020-07-02',15),
(19,'desain 101kopi',50000,'2020-07-02',19),
(20,'500pcs 14oz straindo',115000,'2020-07-03',1),
(21,'300pcs tututp 22oz',57000,'2020-07-03',1),
(22,'500pcs 22oz starindo',230000,'2020-07-03',1),
(23,'sisa moulding',20000,'2020-07-03',34),
(24,'akomodasi motor',20000,'2020-07-03',14),
(25,'tinta hitam + ongkir',30000,'2020-07-04',8),
(26,'biaya desain',55000,'2020-07-04',19),
(27,'pilok',15000,'2020-07-05',5),
(28,'sabun colek',10000,'2020-09-05',7),
(29,'air minum',10000,'2020-07-05',39),
(30,'gajih amat',20000,'2020-07-05',31),
(31,'lembur uang makan',42000,'2020-07-05',16),
(32,'500pcs 14oz straindo',115000,'2020-07-05',1),
(33,'300pcs tututp 22oz',57000,'2020-07-06',1),
(35,'lakban',24000,'2020-07-07',5),
(36,'ongkir moulding',60000,'2020-07-07',34),
(37,'plastik sampah',10000,'2020-07-06',36),
(38,'bayclin + lakban 1jari',25000,'2020-07-06',6),
(39,'gajih amat',50000,'2020-07-06',31),
(40,'akomodasi mobil',70000,'2020-07-06',15),
(41,'ember+pel',30000,'2020-07-07',5),
(42,'plastik sampah',10000,'2020-07-07',36),
(43,'paku',5000,'2020-07-07',5),
(44,'lampu',30000,'2020-07-07',5),
(45,'galon',5000,'2020-07-07',39),
(46,'pulsa listrik',22500,'2020-07-07',38),
(47,'gembok',55000,'2020-07-07',5),
(48,'gajih amat',20000,'2020-07-07',31),
(49,'akomodasi mobil',50000,'2020-07-08',15),
(50,'gajih amat',20000,'2020-07-08',31),
(51,'rundap',22000,'2020-07-08',5),
(52,'1000pcs 16oz Oval',460000,'2020-07-09',1),
(53,'gajih amat',10000,'2020-07-09',31),
(54,'500pcs 22oz starindo',230000,'2020-07-09',1),
(55,'tissu',30000,'2020-07-10',27),
(56,'gajih amat',75000,'2020-07-09',31),
(57,'500pcs 14oz straindo',115000,'2020-07-11',1),
(58,'500pcs 22oz starindo',235000,'2020-07-11',1),
(59,'bayclin',25000,'2020-07-11',6),
(60,'500pcs 22oz starindo',235000,'2020-07-12',1),
(61,'akomodasi makan',25000,'2020-07-12',39),
(62,'m3',38000,'2020-07-12',2),
(63,'gajih amat',75000,'2020-07-12',31),
(64,'kunci gembok',10000,'2020-07-12',5),
(65,'akomodasi mobil',258000,'2020-07-13',15),
(66,'1000pcs 12oz starindo',230000,'2020-07-13',1),
(67,'sewa ruko',400000,'2020-07-13',40),
(68,'2000pcs 22oz starindo',860000,'2020-07-13',1),
(69,'1000pcs 14oz straindo',230000,'2020-07-13',1),
(70,'Biaya desain',56500,'2020-07-14',19),
(71,'500pcs 22oz starindo',275000,'2020-07-14',1),
(72,'2000pcs tutup 22oz starindo',200000,'2020-07-14',1),
(73,'gajih amat',75000,'2020-07-14',31),
(74,'kaporit',100000,'2020-07-15',6),
(75,'1000pcs 16oz Oval',460000,'2020-07-15',1),
(76,'gajih amat',20000,'2020-07-15',31),
(77,'beli cup',246500,'2020-07-16',1),
(78,'700pcs tutup 22oz starindo',140000,'2020-07-16',1),
(79,'gajih amat',100000,'2020-07-16',31),
(80,'kain',15000,'2020-07-16',17),
(81,'Biaya desain',25000,'2020-09-16',19),
(82,'100pcs 22oz starindo',46000,'2020-07-17',1),
(83,'1000pcs 22oz starindo',470000,'2020-07-17',1),
(84,'galon',15000,'2020-07-17',39),
(85,'Biaya print',5000,'2020-07-17',19),
(86,'Biaya desain',56500,'2020-07-17',19),
(87,'5000pcs 22oz starindo',2150000,'2020-07-17',1),
(88,'500pcs 12oz starindo',115000,'2020-07-18',1),
(89,'1000pcs 14oz straindo',230000,'2020-07-18',1),
(90,'500pcs 16oz straindo',115000,'2020-07-18',1),
(91,'m4',33000,'2020-07-18',3),
(92,'akomodasi makan',10000,'2020-07-18',16),
(93,'gajih amat',100000,'2020-07-18',31),
(94,'gajih amat',100000,'2020-07-19',31),
(95,'lampu',40000,'2020-07-19',5),
(96,'akomodasi mobil',30000,'2020-07-19',15),
(97,'ember',80000,'2020-07-19',5),
(98,'tong sampah besi',175000,'2020-07-19',5),
(99,'m3',70000,'2020-07-19',2),
(100,'Biaya desain',20000,'2020-07-20',19),
(101,'Ongkir Cup',123000,'2020-07-20',4),
(102,'Biaya desain',10000,'2020-07-21',19),
(103,'akomodasi makan',28000,'2020-07-21',13),
(104,'Studio mini',150000,'2020-07-22',5),
(105,'perabotan toko',79500,'2020-07-22',5),
(106,'sampel cup',61000,'2020-07-23',21),
(107,'m3',47500,'2020-07-23',2),
(108,'bremol 1kg',80000,'2020-07-23',24),
(109,'kabel',25000,'2020-07-23',5),
(110,'sampel cup',13000,'2020-07-23',21),
(111,'akomodasi mobil',30000,'2020-07-23',15),
(112,'2000 14oz oval',840000,'2020-07-23',1),
(113,'500pcs 16oz Oval',230000,'2020-07-23',1),
(114,'gajih amat',225000,'2020-07-23',31),
(115,'Ongkir Cup',40000,'2020-07-24',4),
(116,'beli pintu',500000,'2020-07-24',5),
(117,'beli galon kosong',50000,'2020-07-24',39),
(118,'kunci pintu',30000,'2020-07-24',39),
(119,'Biaya desain',20000,'2020-07-24',19),
(120,'lembur uang makan',40000,'2020-07-24',16),
(121,'beli cup',1040000,'2020-07-24',1),
(122,'beli cup',10150000,'2020-07-24',1),
(123,'lemfox',25000,'2020-07-25',26),
(124,'gajih amat',105000,'2020-07-25',31),
(125,'konsumsi Selamatan',50000,'2020-07-25',13),
(126,'1000pcs 22oz starindo',460000,'2020-07-27',1),
(127,'kapas',15000,'2020-07-27',28),
(128,'tinta',200500,'2020-07-27',8),
(129,'perabotan toko',85000,'2020-07-27',5),
(130,'ongkir cargo sby-bdj',2118000,'2020-07-27',4),
(131,'Biaya desain',55000,'2020-07-28',19),
(132,'gajih amat',150000,'2020-07-28',31),
(133,'500pcs 22oz starindo',235000,'2020-09-28',1),
(134,'Biaya desain',20000,'2020-07-29',19),
(135,'500pcs 22oz starindo',235500,'2020-07-29',1),
(136,'1000pcs 16oz Oval',500000,'2020-07-29',1),
(137,'gajih owner',990000,'2020-07-29',33),
(138,'akomodasi makan',44000,'2020-07-29',16),
(139,'akomodasi mobil',80000,'2020-07-29',15),
(140,'akomodasi makan',89000,'2020-07-29',16),
(141,'gajih amat',10000,'2020-07-29',31),
(142,'Biaya desain',15000,'2020-07-30',19),
(143,'kapas',10000,'2020-07-30',28),
(144,'kaleng',22000,'2020-07-30',5),
(145,'gajih amat',5000,'2020-07-30',31),
(146,'beli cup',850000,'2020-07-30',1),
(147,'100pcs 22oz starindo+tutup 100pcs',64000,'2020-08-01',1),
(148,'m3',40000,'2020-08-01',2),
(149,'gajih amat',110000,'2020-08-01',31),
(150,'gajih amat',100000,'2020-08-02',31),
(151,'500pcs 22oz starindo',256500,'2020-08-02',1),
(152,'akomodasi makan',15000,'2020-08-02',16),
(153,'beli cup',1723000,'2020-08-03',1),
(154,'500pcs 22oz starindo',255000,'2020-08-04',1),
(155,'Biaya desain',150000,'2020-08-05',19),
(156,'beli cup',450000,'2020-08-05',1),
(157,'perabotan toko',22000,'2020-08-05',5),
(158,'token listrik',23000,'2020-08-06',38),
(159,'kaporit',60000,'2020-08-06',6),
(160,'m3',40000,'2020-08-06',2),
(161,'500pcs 16oz Starindo',115000,'2020-08-06',1),
(162,'2000pcs 22oz starindo+2000pcs tutup',1130000,'2020-08-06',1),
(163,'gajih amat',50000,'2020-08-07',31),
(164,'Biaya desain',45000,'2020-08-07',19),
(165,'karet rekel',185000,'2020-08-07',18),
(166,'sabun colek',20000,'2020-08-08',7),
(167,'tissu',12000,'2020-08-08',27),
(168,'bayclin',14000,'2020-08-08',6),
(169,'500pcs 12oz starindo',115000,'2020-08-08',1),
(170,'gajih amat',150000,'2020-08-08',31),
(171,'Ongkir Cup',61000,'2020-08-08',4),
(172,'sewa ruko',400000,'2020-08-10',40),
(173,'gajih amat',75000,'2020-08-10',31),
(174,'Biaya desain',56500,'2020-08-10',19),
(175,'print desain',10000,'2020-08-10',19),
(176,'Biaya desain',85000,'2020-08-10',19),
(177,'galon',4000,'2020-08-10',39),
(178,'tinta hitam toyo',80000,'2020-08-10',8),
(179,'tinta merah toyo',85000,'2020-08-11',10),
(180,'m4',60000,'2020-08-11',3),
(181,'m3',35000,'2020-08-11',2),
(182,'1000pcs 22oz starindo',469000,'2020-08-11',1),
(183,'beli cup',2100000,'2020-08-11',1),
(184,'perabotan toko',10000,'2020-08-12',5),
(185,'gajih amat',150000,'2020-08-12',31),
(186,'Moulding',613000,'2020-08-12',34),
(187,'akomodasi mobil',120000,'2020-08-12',15),
(188,'aplikasi program',1000000,'2020-08-13',1),
(189,'Biaya desain',106500,'2020-08-13',19),
(190,'Biaya desain',50000,'2020-08-13',19),
(191,'print desain',20000,'2020-08-13',19),
(192,'perabotan toko',22500,'2020-08-14',5),
(193,'500pcs 22oz starindo',235000,'2020-08-15',1),
(194,'500pcs 14oz straindo',115000,'2020-08-14',1),
(195,'500pcs tutup starindo 22oz',95000,'2020-08-14',1),
(196,'1000pcs 22oz starindo',450000,'2020-08-14',1),
(197,'Moulding',200000,'2020-08-14',34),
(198,'ongkir moulding',120000,'2020-08-14',34),
(199,'m4',30000,'2020-08-15',3),
(200,'tinta hijauh toyo',85000,'2020-08-15',9),
(201,'bremol 1kg',85000,'2020-08-15',24),
(202,'gajih amat',225000,'2020-08-15',31),
(203,'beli cup',476500,'2020-08-15',1),
(204,'kain',109500,'2020-08-16',17),
(205,'sealer cup',216500,'2020-08-16',21),
(206,'akomodasi makan',20000,'2020-08-17',16),
(207,'gajih amat',75000,'2020-08-17',31),
(208,'kapas',10000,'2020-08-17',28),
(209,'bayclin',14000,'2020-08-17',6),
(210,'sabun colek',6000,'2020-08-17',7),
(211,'tinta hitam toyo',80000,'2020-08-18',8),
(212,'m3',35000,'2020-08-18',2),
(213,'m4',30000,'2020-08-18',3),
(214,'2000 14oz oval',840000,'2020-08-18',1),
(215,'tutup 22oz',93500,'2020-08-18',1),
(216,'1000pcs 22oz starindo',435000,'2020-08-18',1),
(217,'tutup 22oz',72000,'2020-08-18',1),
(218,'1000pcs 22oz starindo',450000,'2020-08-18',1),
(219,'tutup 22oz',170000,'2020-08-18',1),
(220,'akomodasi motor',10000,'2020-08-18',14),
(221,'akomodasi mobil',50000,'2020-08-18',15),
(222,'akomodasi makan',36000,'2020-08-18',16),
(223,'Biaya desain',56500,'2020-08-18',19),
(224,'1000pcs 12oz starindo',230000,'2020-08-18',1),
(225,'perabotan toko',32000,'2020-08-18',5),
(226,'gajih amat',75000,'2020-08-18',31),
(227,'1000pcs 22oz starindo',415000,'2020-08-18',1),
(228,'1000pcs tutup 22oz starindo',150000,'2020-08-18',1),
(229,'token listrik',23000,'2020-08-19',38),
(230,'gajih amat',75000,'2020-08-19',31),
(231,'plastik sampah',20000,'2020-08-20',36),
(232,'gajih amat',75000,'2020-08-20',31),
(233,'bremol',25000,'2020-08-20',24),
(234,'gajih amat',150000,'2020-08-21',31),
(235,'m4',40000,'2020-08-21',3),
(236,'Biaya desain',131500,'2020-08-22',19),
(237,'500pcs 14oz straindo',115000,'2020-08-22',1),
(238,'kapas',13500,'2020-08-22',28),
(239,'tissu',11000,'2020-08-22',27),
(240,'bayclin',29000,'2020-08-22',6),
(241,'gajih amat',150000,'2020-08-22',31),
(242,'galon',10000,'2020-08-22',39),
(243,'Biaya desain',80000,'2020-08-24',19),
(244,'1000pcs 14oz straindo',230000,'2020-08-24',1),
(245,'galon',5000,'2020-08-24',39),
(246,'gajih amat',50000,'2020-08-24',31),
(247,'500pcs 22oz starindo',240000,'2020-08-24',1),
(248,'2000pcs 22oz starindo+2000pcs tutup',1130000,'2020-08-24',1),
(249,'Biaya desain',50000,'2020-08-25',19),
(250,'4000pcs 12oz SAP',1130000,'2020-08-25',1),
(251,'1000pcs 12oz starindo',435000,'2020-08-25',1),
(252,'kain',210000,'2020-08-25',17),
(253,'tinta hitam toyo',80000,'2020-08-25',8),
(254,'m4',35000,'2020-08-25',3),
(255,'bremol 1kg',80000,'2020-08-25',24),
(256,'500pcs tutup starindo 22oz',85000,'2020-08-25',1),
(257,'akomodasi mobil',50000,'2020-08-25',15),
(258,'akomodasi motor',10000,'2020-08-25',14),
(259,'500pcs 12oz starindo',115000,'2020-08-26',1),
(260,'500pcs 16oz Starindo',115000,'2020-08-26',1),
(261,'bayclin',30000,'2020-08-26',6),
(262,'sabun colek',11000,'2020-08-26',7),
(263,'perabotan toko',85000,'2020-08-26',5),
(264,'gajih amat',220000,'2020-08-26',31),
(265,'m3',40000,'2020-08-26',2),
(266,'perabotan toko',17000,'2020-08-27',5),
(267,'beli cup',1164000,'2020-08-27',1),
(268,'gajih amat',150000,'2020-08-27',31),
(269,'lakban',30000,'2020-08-27',5),
(270,'token listrik',23000,'2020-08-28',38),
(271,'beli cup',425000,'2020-08-28',1),
(272,'akomodasi mobil',50000,'2020-08-28',15),
(273,'akomodasi makan',71000,'2020-08-28',16),
(274,'gajih owner',1050000,'2020-08-28',33),
(275,'500pcs 12oz starindo',115000,'2020-08-31',1),
(276,'Biaya desain',140000,'2020-08-31',19),
(277,'bayar cicilan investor',3506500,'2020-08-31',1),
(278,'5000pcs 22oz starindo',2075000,'2020-08-31',1),
(279,'2000pcs tutup 22oz starindo',300000,'2020-08-31',1),
(280,'gajih amat',75000,'2020-08-31',31),
(284,'potongan teman kopi',15000,'2020-08-05',1),
(286,'potongan teman kopi',5000,'2020-08-17',1),
(287,'potongan garis kota',160000,'2020-08-26',1),
(291,'beli cup',430000,'2020-09-01',1),
(292,'bayar admin kartu atm',15000,'2020-09-01',1),
(293,'pdam',50000,'2020-09-01',37),
(294,'beli cup',470000,'2020-09-01',1),
(295,'1500 12oz starindo',345000,'2020-09-01',1),
(296,'gajih amat',150000,'2020-09-01',31),
(297,'gajih amat',150000,'2020-09-02',31),
(298,'perabotan toko',100000,'2020-09-02',5),
(299,'gajih amat',150000,'2020-09-03',31),
(300,'2000pcs 12oz intercup',784000,'2020-09-04',1),
(301,'plastik sampah',8000,'2020-09-04',36),
(302,'plastik sampah',10000,'2020-09-04',36),
(303,'500pcs 14oz straindo',115000,'2020-09-04',1),
(304,'konsumsi minum dan makan',9000,'2020-09-04',39),
(305,'gajih amat',150000,'2020-09-04',31),
(306,'Biaya desain',132000,'2020-09-04',19),
(307,'500pcs 14oz straindo',115000,'2020-09-05',1),
(308,'kain',20000,'2020-09-05',17),
(309,'sabun colek',30000,'2020-09-05',7),
(310,'print desain',6000,'2020-09-05',19),
(311,'minyak goreng ',5000,'2020-09-05',23),
(312,'gajih amat',150000,'2020-09-05',31),
(313,'konsumsi minum dan makan',20000,'2020-09-05',16),
(314,'akomodasi mobil',70000,'2020-09-05',15),
(315,'tinta hitam toyo',640000,'2020-09-05',8),
(316,'3000pcs 14oz sap',885000,'2020-09-05',1),
(317,'print desain',10000,'2020-09-05',19),
(318,'gajih amat',300000,'2020-09-05',31),
(319,'Biaya desain',30000,'2020-09-06',19),
(320,'Biaya desain',56500,'2020-09-07',19),
(321,'Biaya desain',10000,'2020-09-07',19),
(322,'beli cup',1078000,'2020-09-07',1),
(323,'tissu',12000,'2020-09-07',27),
(324,'konsumsi minum dan makan',20000,'2020-09-07',16),
(325,'tutup 22oz',95000,'2020-09-08',1),
(326,'perabotan toko',230000,'2020-09-08',5),
(327,'lemfox',10000,'2020-09-08',26),
(328,'5000pcs 22oz starindo',2075000,'2020-09-08',1),
(329,'m3',40000,'2020-09-08',2),
(330,'lakban',26000,'2020-09-08',5),
(331,'Biaya desain',100000,'2020-09-09',19),
(332,'beli cup',336000,'2020-09-09',1),
(333,'perabotan toko',15000,'2020-09-10',5),
(334,'token listrik',23500,'2020-09-10',38),
(335,'bayclin',42000,'2020-09-10',6),
(336,'1000pcs 16oz starindo',230000,'2020-09-10',1),
(337,'beli printer',450000,'2020-09-10',5),
(338,'Biaya desain',50000,'2020-09-10',19),
(339,'Ongkir Cup',20000,'2020-09-10',4),
(340,'4000 starindo 22oz + tutup 3000pcs',2110000,'2020-09-10',1),
(341,'gajih apid',20000,'2020-09-10',32),
(342,'beli cup',4166500,'2020-09-10',1),
(343,'Ongkir Cup',20000,'2020-09-10',4),
(344,'kain',216500,'2020-09-10',17),
(345,'gajih amat',150000,'2020-09-11',31),
(346,'Ongkir Cup',25000,'2020-09-11',4),
(347,'Ongkir Cup',15000,'2020-09-11',4),
(348,'sewa ruko',400000,'2020-09-13',40),
(349,'lakban',10000,'2020-09-12',5),
(350,'konsumsi minum dan makan',10000,'2020-09-12',39),
(351,'gajih apid',30000,'2020-09-12',32),
(352,'ongkir cargo sby-bdj',554500,'2020-09-14',4),
(353,'m3',38000,'2020-09-14',2),
(354,'gajih amat',75000,'2020-09-14',31),
(355,'gajih amat',150000,'2020-09-15',31),
(356,'500pcs 14oz straindo',115000,'2020-09-16',1),
(357,'plastik cup ',30000,'2020-09-16',1),
(358,'tali rapia',5000,'2020-09-16',5),
(359,'kertas a4',40000,'2020-09-16',5),
(360,'6000pcs 16oz oval sap',2700000,'2020-09-16',1),
(361,'2000pcs sap 14oz',1180000,'2020-09-16',1),
(362,'tester cup',40000,'2020-09-16',21),
(363,'tissu',30000,'2020-09-17',27),
(364,'Ongkir Cup',75000,'2020-09-17',4),
(365,'tissu',12000,'2020-09-17',27),
(366,'7000pcs oval 14oz universal',2660000,'2020-09-17',1),
(367,'gajih amat',75000,'2020-09-17',31),
(368,'Ongkir Cup',20000,'2020-09-18',4),
(369,'m3',76000,'2020-09-18',2),
(370,'Ongkir Cup',40000,'2020-09-18',4),
(371,'gajih amat',150000,'2020-09-18',31),
(372,'tinta printer',30000,'2020-09-18',5),
(373,'5000pcs 22oz starindo + 3000pcs tutup',2525000,'2020-09-18',1),
(374,'gajih apid',440000,'2020-09-19',32),
(375,'gajih amat',225000,'2020-09-19',31),
(376,'token listrik',23500,'2020-09-21',38),
(377,'lemfox',10000,'2020-09-21',26),
(378,'konsumsi minum dan makan',5000,'2020-09-21',39),
(379,'gajih amat',75000,'2020-09-21',31),
(380,'tinta hitam toyo',205000,'2020-09-21',8),
(381,'gajih amat',75000,'2020-09-21',31),
(382,'bayclin',55000,'2020-09-22',6),
(383,'2000pcs 12oz intercup',862400,'2020-09-22',1),
(384,'gajih amat',75000,'2020-09-22',31),
(385,'aplikasi program',1000000,'2020-09-22',1),
(386,'minyak goreng ',7000,'2020-09-23',23),
(387,'kain',210000,'2020-09-23',17),
(388,'Harter',35000,'2020-09-23',25),
(389,'Ongkir Cup',25000,'2020-09-23',4),
(390,'m3',76000,'2020-09-24',2),
(391,'sikat ',12000,'2020-09-24',5),
(392,'bayclin',28000,'2020-09-24',6),
(393,'servis mesin air',30000,'2020-09-24',5),
(394,'2000pcs sap 14oz',1170000,'2020-09-24',1),
(395,'gajih amat',75000,'2020-09-24',31),
(396,'belanja cat tembok',190000,'2020-09-24',5),
(397,'bayar video iklan',215000,'2020-09-24',1),
(398,'servis mesin air',25000,'2020-09-25',5),
(399,'500pcs 16oz Starindo',115000,'2020-09-25',1),
(400,'Ongkir Cup',52000,'2020-09-25',35),
(401,'gajih amat',50000,'2020-09-25',31),
(402,'2000pcs 22oz starindo',800000,'2020-09-26',1),
(403,'1000pcs tutup 22oz starindo',150000,'2020-09-26',1),
(404,'kembalian dizuzu',70000,'2020-09-26',1),
(405,'konsumsi minum dan makan',15000,'2020-09-26',39),
(406,'gajih amat',150000,'2020-09-26',31),
(407,'gajih apid',380000,'2020-09-26',32),
(408,'gajih amat',150000,'2020-09-27',31),
(409,'1000pcs 14oz straindo',230000,'2020-09-28',1),
(410,'iklan ig',400000,'2020-09-28',1),
(411,'m4',40000,'2020-09-28',3),
(412,'gajih amat',75000,'2020-09-28',31),
(413,'sabun colek',10000,'2020-09-28',7),
(414,'tinta biru toyo',85000,'2020-09-29',8),
(415,'m4',60000,'2020-09-29',3),
(416,'kapas',25000,'2020-09-29',28),
(417,'4000pcs intercup 12oz',1568000,'2020-09-29',1),
(418,'perabotan toko',40000,'2020-09-29',5),
(419,'gajih amat',150000,'2020-09-29',31),
(420,'Ongkir Cup',72000,'2020-09-30',35),
(421,'print desain',20000,'2020-09-30',19),
(422,'akomodasi motor',10000,'2020-09-30',14),
(427,'diskon borneo',475000,'2020-09-07',1),
(431,'gajih owner',1050000,'2020-09-30',33),
(435,'tinta printer',40000,'2020-10-01',5),
(436,'print brosur',25000,'2020-10-01',19),
(437,'benner promosi',23000,'2020-10-01',19),
(438,'biaya admin kartu atm',15000,'2020-10-01',1),
(439,'5000pcs 22oz starindo + tutup 3000pcs',2450000,'2020-10-02',1),
(440,'500pcs 16oz starindo',110000,'2020-10-02',1),
(445,'tinta toyo merah',85000,'2020-10-02',10),
(446,'m3',35000,'2020-10-02',2),
(447,'m4',30000,'2020-10-02',3),
(448,'servis printer',50000,'2020-10-02',1),
(449,'2000pcs 16oz sap',585000,'2020-10-02',1),
(450,'500pcs 22oz starindo',230000,'2020-10-02',1),
(451,'500pcs 14oz starindo',110000,'2020-10-02',1),
(452,'gajih amat',300000,'2020-10-02',31),
(453,'token listrik',23500,'2020-10-02',38),
(454,'bayclin',31500,'2020-10-03',6),
(455,'lakban',25000,'2020-10-03',5),
(456,'500pcs 16oz starindo',115000,'2020-10-03',1),
(457,'gajih apid',370000,'2020-10-04',32),
(458,'print desain',5000,'2020-10-04',19),
(459,'gajih amat',150000,'2020-10-04',31),
(460,'catride printer',210000,'2020-10-05',5),
(461,'servis printer',100000,'2020-10-06',5),
(462,'500pcs 16oz starindo',115000,'2020-10-06',1),
(463,'500pcs tutup sap 16oz',130000,'2020-10-06',1),
(464,'pdam',191500,'2020-10-06',37),
(465,'1500pcs 22oz starindo',637500,'2020-10-07',1),
(466,'1500pcs tutup 22oz starindo',255000,'2020-10-07',1),
(467,'m3',36000,'2020-10-07',2),
(468,'minyak goreng',7000,'2020-10-07',23),
(469,'gajih amat',300000,'2020-10-07',31),
(470,'potongan harga noname',2500,'2020-10-01',1),
(471,'potongan harga gariskota ',40000,'2020-10-01',1),
(472,'sumbangan rutin bms',200000,'2020-10-08',22),
(473,'beli cup ecorasa',976500,'2020-10-08',1),
(474,'gajih amat',75000,'2020-10-08',31),
(475,'beli bahan bangunan',230000,'2020-10-09',20),
(476,'beli bahan bangunan',395500,'2020-10-09',20),
(477,'ongkir cup duta trans',21000,'2020-10-09',34),
(478,'tinta toyo hitam',144000,'2020-10-09',8),
(479,'m3',35000,'2020-10-09',2),
(480,'m4',30000,'2020-10-09',3),
(481,'gajih amat',75000,'2020-10-09',31),
(482,'print brosur',10000,'2020-10-09',19),
(484,'sealercup',60000,'2020-10-09',5),
(485,'starindo 16 oz',115000,'2020-10-10',1),
(486,'m4',30000,'2020-10-10',3),
(487,'sampel cup',30000,'2020-10-10',21),
(488,'starindo 22oz 500pcs + tutup 500',315000,'2020-10-10',1),
(489,'gajih amat',75000,'2020-10-10',31),
(490,'konsumsi tukang',10000,'2020-10-10',20),
(491,'beli bahan bangunan',160000,'2020-10-10',20),
(492,'biaya tukang',500000,'2020-10-10',20),
(493,'gajih apid',525000,'2020-10-11',32),
(494,'gelas starindo 22oz 500pcs',225000,'2020-10-11',1),
(495,'tutup 22oz 500',81000,'2020-10-11',1),
(496,'tutup 16oz starindo 500',65000,'2020-10-11',1),
(497,'plastik ',35000,'2020-10-11',36),
(498,'tutup 22oz 50',10000,'2020-10-12',1),
(499,'token listrik',23000,'2020-10-12',38),
(500,'12oz oval intercup 3000pcs',1176000,'2020-10-12',1),
(501,'perlengkapan toko',40000,'2020-10-12',5),
(502,'500pcs 22oz glasindo',230000,'2020-10-12',1),
(503,'kain screen',210000,'2020-10-12',17),
(504,'gajih amat',150000,'2020-10-12',31),
(505,'konsumsi meeting',38000,'2020-10-12',13),
(506,'bam cargo',66500,'2020-10-12',4),
(507,'5000pcs 22oz glasindo ',2025000,'2020-10-13',1),
(508,'4000pcs tutup glasindo',440000,'2020-10-13',1),
(509,'selang',12000,'2020-10-13',5),
(510,'perlengkapan toko',65000,'2020-10-13',5),
(511,'ongkir cup duta trans',76000,'2020-10-13',4),
(512,'gajih amat',75000,'2020-10-13',31),
(513,'konsumsi karyawan',10000,'2020-10-13',16),
(514,'tinta toyo putih',80000,'2020-10-13',11),
(515,'m4',30000,'2020-10-13',3),
(517,'akomodasi mtr ',10000,'2020-10-13',14),
(518,'potongan harga u need kopi',10000,'2020-10-13',1),
(519,'potongan kopi kotaku',60000,'2020-10-13',1),
(520,'print brosur',10000,'2020-10-14',19),
(521,'potongan pentol yuk',20000,'2020-10-14',1),
(522,'potongan harga pointculture',80000,'2020-10-14',1),
(523,'potongan pondokthaitea',110000,'2020-10-11',1),
(524,'2000pcs 12oz starindo',440000,'2020-10-14',1),
(525,'1500 14oz starindo',330000,'2020-10-14',1),
(526,'gajih amat',150000,'2020-10-14',31),
(527,'lakban',25000,'2020-10-14',5),
(528,'ongkir duta trans kopi kotaku',30000,'2020-10-14',4),
(529,'hit pengusir nyamuk',24000,'2020-10-15',5),
(530,'konsumsi meeting',15000,'2020-10-15',13),
(532,'bremol 1kg',90000,'2020-10-16',24),
(533,'konsumsi meeting',50000,'2020-10-17',13),
(534,'gajih amat',75000,'2020-10-16',31),
(535,'5000 16oz Oval Sap',2250000,'2020-10-17',1),
(536,'ongkir cup duta trans',45000,'2020-10-17',4),
(537,'tinta printer',35000,'2020-10-17',5),
(538,'m3',38000,'2020-10-17',2),
(539,'sabun colek',10000,'2020-10-17',7),
(540,'gajih apid',650000,'2020-10-17',32),
(541,'gajih amat',150000,'2020-10-17',31),
(542,'500pcs 14oz starindo',110000,'2020-10-19',1),
(543,'catride printer',215000,'2020-10-19',5),
(544,'bayclin',55000,'2020-10-20',6),
(545,'3000pcs 20oz glasindo ',1215000,'2020-10-20',1),
(546,'4000pcs tutup glasindo',440000,'2020-10-20',1),
(547,'akomodasi mtr ',15000,'2020-10-20',14),
(548,'gajih amat',150000,'2020-10-20',31),
(549,'5000pcs 12oz oval intercup',1960000,'2020-10-20',1),
(550,'konsumsi meeting',170000,'2020-10-21',13),
(551,'gajih amat',75000,'2020-10-21',31),
(552,'kayu+paku',50000,'2020-10-21',5),
(553,'engsel meja sablon plastik',70000,'2020-10-21',5),
(554,'m4',66000,'2020-10-21',3),
(555,'m3',38000,'2020-10-21',2),
(556,'ongkir cup duta trans',40000,'2020-10-21',4),
(557,'3000pcs 22 oz starindo',1320000,'2020-10-21',1),
(558,'3000pcs tutup starindo',480000,'2020-10-21',1),
(559,'500pcs 14oz starindo',110000,'2020-10-22',1),
(560,'500pcs 16oz starindo',110000,'2020-10-22',1),
(561,'kaca meja sablon plastik',55000,'2020-10-22',5),
(562,'potongan harga borneo',340000,'2020-10-22',1),
(563,'ongkir cup duta trans',45000,'2020-10-22',4),
(564,'sampel cup',25000,'2020-10-22',21),
(565,'m4',38000,'2020-07-12',3),
(566,'m4 ',47500,'2020-07-23',3),
(567,'m4',200500,'2020-07-27',3),
(568,'kain',200500,'2020-07-27',17),
(569,'m4',36000,'2020-10-07',3),
(570,'beli tisu',10000,'2020-10-23',27),
(571,'beli rakel',65000,'2020-10-23',18),
(572,'Ecorasa 1dus',981500,'2020-10-23',1),
(573,'5dus 14oz oval',1900000,'2020-10-23',1),
(574,'1dus 16oz oval hokka',380000,'2020-10-23',1),
(575,'gajih amat',150000,'2020-10-23',31),
(576,'5 liter m4',140000,'2020-10-23',3),
(577,'toyo red',85000,'2020-10-23',10),
(578,'toyo blue',85000,'2020-10-23',41),
(579,'toyo white',77000,'2020-10-23',11),
(580,'bremol 1kg',90000,'2020-10-23',24),
(581,'tinta hitam x3 di banua sablon',246500,'2020-10-23',8),
(582,'starindo 12oz 500',110000,'2020-10-24',1),
(583,'starindo 22oz 2dus',880000,'2020-10-24',1),
(584,'starindo 22oz 3dus',1200000,'2020-10-24',1),
(585,'m3 x2',70000,'2020-10-24',2),
(586,'gajih amat',150000,'2020-10-24',31),
(587,'gajih apid',375000,'2020-10-24',32),
(588,'ongkir cup duta trans',70000,'2020-10-25',4),
(589,'token listrik',23000,'2020-10-25',38),
(590,'500pcs 12oz starindo',110000,'2020-10-26',1),
(591,'kapas',25000,'2020-10-26',28),
(592,'500pcs 16oz starindo',110000,'2020-10-26',1),
(593,'gajih amat',150000,'2020-10-26',31),
(594,'akomodasi mobil',100000,'2020-10-26',15),
(595,'500 tutup datar starindo',40000,'2020-10-27',1),
(596,'plaster',20000,'2020-10-27',5),
(597,'sikat',15000,'2020-10-27',5),
(598,'gajih amat',75000,'2020-10-27',31),
(599,'m3',35000,'2020-07-06',2),
(600,'m4',35000,'2020-07-06',3),
(601,'kain majun',15000,'2020-10-28',42),
(602,'tisu',10000,'2020-10-28',27),
(603,'kapas',10000,'2020-10-28',28),
(604,'sabun colek',10000,'2020-10-28',7),
(605,'bayclin 3 pcs',51000,'2020-10-28',6),
(606,'update aplikasi',500000,'2020-10-28',1),
(607,'gajih amat',150000,'2020-10-28',31),
(608,'galon',5000,'2020-10-28',43),
(609,'500pcs 14oz starindo',110000,'2020-10-29',1),
(610,'lakban',26000,'2020-10-29',44),
(611,'perjalanan dan konsumsi dinas',100000,'2020-10-29',14),
(612,'gajih amat',75000,'2020-10-29',31),
(613,'cicilan pinjaman dana',3500000,'2020-10-29',45),
(614,'tinta printer warna',76000,'2020-10-30',47),
(615,'cemilan',10000,'2020-10-30',39),
(616,'perjalanan dan konsumsi dinas',72000,'2020-10-30',14),
(617,'karet rekel',190000,'2020-10-30',18),
(618,'gajih amat',150000,'2020-10-30',31),
(619,'m3 2pcs',65000,'2020-10-30',2),
(620,'gajih apid',600000,'2020-10-31',32),
(621,'gajih amat',135000,'2020-10-31',31),
(622,'konsumsi meeting',35000,'2020-10-31',13),
(623,'gajih owner',1500000,'2020-10-31',33),
(624,'admin kartu',15000,'2020-11-01',48),
(625,'editing konten iklan',200000,'2020-11-01',49),
(626,'konsumsi meeting',25000,'2020-11-01',13),
(627,'1000pcs 12oval intercup',400000,'2020-11-02',1),
(628,'30 pcs botol kale 500ml',96000,'2020-11-02',1),
(630,'3500pcs 16oz intercup',1540000,'2020-11-02',1),
(631,'gajih amat',150000,'2020-11-02',31),
(632,'ongkir binuang',20000,'2020-11-02',4),
(633,'belanja pt asri raya ',7046500,'2020-11-02',1),
(634,'kapas 4pcs',20000,'2020-11-02',28),
(635,'sabun wing 2',12000,'2020-11-02',7),
(636,'2 bungkus',14000,'2020-11-02',50),
(637,'tisu1 bungkus',11000,'2020-11-02',27),
(638,'2botol kecil',20000,'2020-11-02',6),
(639,'4 bayclin botol besar',64000,'2020-11-02',6),
(640,'kabel dan terminal',58000,'2020-11-03',5),
(641,'1000pcs 16oz starindo',220000,'2020-11-03',1),
(642,'plastik ',35000,'2020-11-03',36),
(643,'22oz starindo 5000pcs',2000000,'2020-11-03',1),
(644,'3000pcs tutup starindo',450000,'2020-11-03',1),
(645,'ongkir cup duta trans',43000,'2020-11-03',4),
(646,'lakban 6pcs',24000,'2020-11-03',44),
(647,'gajih amat',75000,'2020-11-03',31),
(648,'diskon kopi kotaku',60000,'2020-11-03',51),
(649,'diskon pondok thai',110000,'2020-11-01',51),
(650,'diskon kopi ganja',10000,'2020-11-04',51),
(651,'lemfox',20000,'2020-11-04',26),
(652,'token listrik',23000,'2020-11-04',38),
(653,'500pcs 14oz starindo',110000,'2020-11-04',1),
(654,'tutup datar 550',44000,'2020-11-04',1),
(655,'ongkir the brader kopi',31000,'2020-11-04',4),
(656,'diskon garis kota kopi',40000,'2020-11-10',51),
(657,'3 kaleng',216000,'2020-11-05',8),
(658,'1ltr',7000,'2020-11-04',23),
(659,'gajih amat',75000,'2020-11-04',31),
(660,'1ltr',85000,'2020-11-05',9),
(661,'1ltr',77000,'2020-11-05',11),
(662,'2ltr',70000,'2020-11-05',2),
(663,'5ltr',150000,'2020-11-05',3),
(664,'ces transfer',6500,'2020-11-05',48),
(665,'1ltr',38000,'2020-11-05',2),
(666,'1ltr',33000,'2020-11-05',3),
(667,'jas hujan',12000,'2020-11-05',5),
(668,'500pcs 16oz starindo',110000,'2020-11-05',1),
(669,'1000pcs 12oz starindo',225000,'2020-11-05',1),
(670,'gajih amat',150000,'2020-11-05',31),
(671,'ongkir sby-bjm',1071500,'2020-11-06',4),
(672,'gajih amat',150000,'2020-11-06',31),
(673,'1rim',40000,'2020-11-07',52),
(674,'gajih amat',150000,'2020-11-07',31),
(675,'gajih apid',1100000,'2020-11-07',32),
(676,'jaga malam',50000,'2020-11-07',53),
(677,'4 botol',60000,'2020-11-07',6),
(678,'1 bungkus',11000,'2020-11-07',27),
(679,'3 bungkus',15000,'2020-11-07',28),
(680,'1 bungkus',5000,'2020-11-07',7),
(681,'2 bungkus',12000,'2020-11-07',7),
(682,'1 bungkus',17000,'2020-11-07',29),
(683,'4000pcs sap 12oz',1170000,'2020-11-08',1),
(684,'2000pcs 16oz oval sap',900000,'2020-11-08',1),
(685,'editing konten iklan',100000,'2020-11-08',49),
(686,'ngopi di 10.11',30000,'2020-11-08',13),
(687,'token listrik',23000,'2020-11-09',38),
(688,'1000pcs 12oval intercup',400000,'2020-11-09',1),
(689,'6000pcs ecorasa 12oz',2642500,'2020-11-09',1),
(690,'gajih amat',225000,'2020-11-09',31),
(691,'500pcs 12oz starindo',110000,'2020-11-10',1),
(692,'500pcs 16oz starindo',110000,'2020-11-10',1),
(693,'sealercup',50000,'2020-11-10',1),
(694,'pdam',73000,'2020-11-10',37),
(695,'diskon langit biru',40000,'2020-11-11',51),
(696,'diskon u need kopi',10000,'2020-11-11',51),
(697,'diskon ecorasa',10000,'2020-11-12',51),
(698,'diskon derajat',10000,'2020-11-13',51),
(699,'lakban',10000,'2020-11-10',44),
(700,'ongkir duta trans kopi secondhome',31000,'2020-11-10',4),
(701,'gajih amat',75000,'2020-11-10',31),
(702,'ongkir cup duta trans',50000,'2020-11-10',4),
(703,'ongkir ecorasa sby-bjm',648500,'2020-11-11',4),
(704,'1ltr',85000,'2020-11-11',10),
(705,'1ltr',35000,'2020-11-11',2),
(706,'1ltr',30000,'2020-11-11',3),
(707,'gajih amat',225000,'2020-11-11',31),
(708,'1000pcs 14oz starindo',220000,'2020-11-12',1),
(709,'lemfox',35000,'2020-11-12',26),
(710,'kain majun',15000,'2020-11-12',42),
(712,'konsumsi tamu',39000,'2020-11-12',13),
(713,'selang',15000,'2020-11-12',54),
(714,'perlengkapan toko',37000,'2020-11-12',5),
(715,'galon',5000,'2020-11-12',43),
(716,'gajih amat',150000,'2020-11-12',31),
(717,'1ltr',90000,'2020-11-12',24),
(718,'gajih amat',75000,'2020-11-13',31),
(719,'lakban 6pcs',25000,'2020-11-13',44),
(720,'5000pcs 22oz starindo ',2000000,'2020-11-14',1),
(721,'2000pcs tutup 220z',300000,'2020-11-14',1),
(722,'5000pcs 14oz oval universal',1900000,'2020-11-14',1),
(723,'4000pcs sap 14oz',1170000,'2020-11-14',1),
(724,'2000pcs 16oz sap',585000,'2020-11-14',1),
(725,'2000pcs 12oz sap',585000,'2020-11-14',1),
(726,'gajih amat',225000,'2020-11-14',31),
(727,'konsumsi dan perjalanan dinas',100000,'2020-11-14',13),
(728,'gajih apid',900000,'2020-11-14',32),
(729,'gajih amat',150000,'2020-11-16',31),
(730,'karyawan freelance',20000,'2020-11-17',55),
(731,'ongkir cup duta trans',124000,'2020-11-17',4),
(732,'tutup 22oz 1000pcs',160000,'2020-11-17',1),
(733,'500pcs 16oz starindo',110000,'2020-11-17',1),
(734,'tester cup',38000,'2020-11-17',1),
(735,'konsumsi tamu',16000,'2020-11-17',13),
(736,'kain screen',210000,'2020-11-17',17),
(737,'m3',40000,'2020-11-17',2),
(738,'diskon hey coffe',92500,'2020-11-18',51),
(739,'diskon kopi kotaku',40000,'2020-11-23',51),
(740,'diskon borneo',425000,'2020-11-23',51),
(741,'diskon serius',62500,'2020-11-23',51),
(742,'6 botol',82500,'2020-11-18',6),
(743,'1dus',60000,'2020-11-18',7),
(744,'2ltr',144000,'2020-11-18',8),
(745,'1ltr',77000,'2020-11-18',11),
(746,'1ltr',35000,'2020-11-18',2),
(747,'5ltr',150000,'2020-11-18',3),
(748,'steples tembak',145000,'2020-11-18',29),
(749,'air minum tamu',10000,'2020-11-18',16),
(750,'paku beton dan paku kayu',10000,'2020-11-18',5),
(751,'gajih amat',150000,'2020-11-18',31),
(752,'konsumsi meeting',25000,'2020-11-18',13),
(753,'sealercup',50000,'2020-11-19',1),
(754,'2000pcs 14oz starindo',440000,'2020-11-19',1),
(755,'kain majun',15000,'2020-11-19',42),
(756,'kapas 3pcs',18000,'2020-11-19',28),
(757,'gajih amat',150000,'2020-11-19',31),
(758,'10000pcs 12oz intercupoval',4000000,'2020-11-20',1),
(759,'lemfox',10000,'2020-11-20',26),
(760,'plaster ',20000,'2020-11-20',5),
(761,'karyawan freelance',20000,'2020-11-20',55),
(762,'kapas 3pcs',37000,'2020-11-20',28),
(763,'botol kecap 5pcs',20000,'2020-11-20',5),
(764,'m3 2pcs',76000,'2020-11-21',2),
(765,'ongkir cup duta trans',66500,'2020-11-21',4),
(766,'token listrik',23000,'2020-11-21',38),
(767,'karyawan freelance',20000,'2020-11-21',55),
(768,'gajih apid',800000,'2020-11-22',32),
(769,'konsumsi karyawan lembur',40000,'2020-11-22',16),
(770,'sealercup',60000,'2020-11-23',1),
(771,'1ltr',85000,'2020-11-23',41),
(772,'1ltr',30000,'2020-11-23',3),
(773,'12000pcs 22oz starindo ',4800000,'2020-11-24',1),
(774,'5000 tutup 22 oz',750000,'2020-11-24',1),
(775,'karyawan freelance',80000,'2020-11-24',55),
(777,'ongkir duta trans kopi kotaku',30000,'2020-11-24',4),
(778,'4 botol',60000,'2020-11-25',6),
(779,'servis printer',20000,'2020-11-25',19),
(780,'hairdryer',60000,'2020-11-25',5),
(781,'print desain',5000,'2020-11-25',19),
(782,'karyawan freelance',75000,'2020-11-25',55),
(783,'2ltr',76000,'2020-11-25',2),
(784,'6pcs',24000,'2020-11-25',44),
(785,'servis hairdryer',25000,'2020-11-26',5),
(786,'isi galon',5000,'2020-11-26',43),
(787,'koran',14000,'2020-11-26',5),
(788,'tisu',11000,'2020-11-26',27),
(789,'karpet 1mtr',10000,'2020-11-26',5),
(790,'kado anak amat',205000,'2020-11-26',16),
(791,'konsumsi karyawan',22500,'2020-11-26',16),
(792,'ongkir duta trans kopi msc',24000,'2020-11-26',4),
(793,'obat nyamuk semprot',17000,'2020-11-26',5),
(794,'konsumsi prospect ',19000,'2020-11-27',13),
(795,'500pcs 14oz starindo',110000,'2020-11-27',1),
(796,'plastik ',35000,'2020-11-27',5),
(797,'hairdryer',149000,'2020-11-27',5),
(798,'parkir ',4000,'2020-11-27',14),
(799,'akomodasi mtr ',10000,'2020-11-27',14),
(800,'kain majun',15000,'2020-11-27',42),
(801,'lemfox',10000,'2020-11-27',26),
(802,'gunting',10000,'2020-11-27',5),
(803,'plaster 2 jari',10000,'2020-11-27',5),
(804,'1000pcs 16oz oval sap',450000,'2020-11-27',1),
(805,'2000pcs 14oz sap',585000,'2020-11-27',1),
(806,'3ltr',90000,'2020-11-27',3),
(807,'2ltr',144000,'2020-11-27',8),
(808,'1ltr',90000,'2020-11-27',24),
(809,'karyawan freelance',75000,'2020-11-27',55),
(810,'gajih amat',75000,'2020-11-27',31),
(811,'token listrik',23500,'2020-11-27',38),
(812,'minyak goreng',6500,'2020-11-28',23),
(813,'kapas 3pcs',18000,'2020-11-28',28),
(814,'karyawan freelance',20000,'2020-11-28',55),
(815,'diskon borneo',425000,'2020-11-23',51),
(816,'gajih apid',975000,'2020-11-28',32),
(817,'gajih amat',150000,'2020-11-29',31),
(818,'diskon kopi ganja',10000,'2020-11-28',51),
(819,'gajih amat',75000,'2020-11-28',31),
(820,'2ltr',76000,'2020-11-28',2),
(821,'konsumsi meeting',15000,'2020-11-30',13),
(822,'konsumsi meeting',100000,'2020-11-30',13),
(823,'sumbangan rutin bms',250000,'2020-11-30',22),
(824,'gajih owner',1500000,'2020-11-30',33),
(825,'gajih amat',150000,'2020-11-30',31),
(826,'kain screen',80000,'2020-11-30',17),
(827,'2ltr',70000,'2020-11-30',2),
(828,'2ltr',60000,'2020-11-30',3),
(829,'karyawan freelance',31500,'2020-11-30',55),
(830,'',0,'2020-12-01',NULL),
(831,'bayclin 4 pcs',70000,'2020-12-01',6),
(832,'500pcs 12oz starindo',110000,'2020-12-01',1),
(833,'500pcs 16oz starindo',110000,'2020-12-01',1),
(834,'1000pcs 14oz starindo',220000,'2020-12-01',1),
(835,'admin kartu',15000,'2020-12-01',1),
(836,'2000pcs 12oz ecorasa',487500,'2020-12-01',1),
(837,'admin tf',6500,'2020-12-01',1),
(838,'tinta printer',38000,'2020-12-01',46),
(839,'tali rapia',20000,'2020-12-01',5),
(840,'500pcs 16oz starindo',110000,'2020-12-01',1),
(841,'gajih amat',150000,'2020-12-01',31),
(842,'karyawan freelance',25000,'2020-12-01',55),
(843,'iklan ig',306500,'2020-12-02',49),
(844,'tisu',12000,'2020-12-02',27),
(845,'ongkir cofus kapuas',24000,'2020-12-02',4),
(846,'lakban 6pcs',24000,'2020-12-02',5),
(847,'gajih amat',160000,'2020-12-02',31),
(848,'karyawan freelance',80000,'2020-12-02',55),
(849,'isi staples',69000,'2020-12-03',5),
(850,'konsumsi tukang',20000,'2020-12-03',16),
(851,'10000pcs 14oz SAP',2900000,'2020-12-03',1),
(852,'lem korea 2pcs',15000,'2020-12-03',5),
(853,'lemfox',9000,'2020-12-03',26),
(854,'konsumsi tamu',16000,'2020-12-03',13),
(855,'konsumsi prospect ',19000,'2020-12-03',13),
(856,'gajih amat',160000,'2020-12-03',31),
(857,'karyawan freelance',25000,'2020-12-03',55),
(858,'3 bungkus',18000,'2020-12-03',28),
(859,'tutup 16oz starindo 500',60000,'2020-12-04',1),
(860,'500pcs 22oz m-one',220000,'2020-12-04',1),
(861,'2000pcs 14oz starindo',440000,'2020-12-04',1),
(862,'plaster ',10000,'2020-12-04',5),
(863,'ongkir cup duta trans',120000,'2020-12-04',4),
(864,'tinta cap',20000,'2020-12-04',5),
(865,'karyawan freelance',25000,'2020-12-04',55),
(866,'stampel',40000,'2020-12-04',5),
(867,'gajih amat',80000,'2020-12-04',31),
(868,'karyawan freelance anak magang',10000,'2020-12-04',55),
(869,'500 tutup SAP',125000,'2020-12-04',1),
(870,'konsumsi prospect ',39000,'2020-12-05',13),
(871,'1ltr',72000,'2020-12-05',8),
(872,'2ltr',60000,'2020-12-05',3),
(873,'2ltr',70000,'2020-12-05',2),
(874,'token listrik',46000,'2020-12-05',38),
(875,'gajih amat',80000,'2020-12-05',31),
(876,'anak magang ',10000,'2020-12-05',55),
(877,'karyawan freelance',25000,'2020-12-05',55),
(878,'isi staples',35000,'2020-12-05',5),
(879,'toolbag',15000,'2020-12-05',5),
(880,'1500pcs 16oz starindo',330000,'2020-12-05',1),
(881,'4 botol',60000,'2020-12-05',6),
(882,'gajih apid',700000,'2020-12-05',32),
(883,'biaya trf beda bank',6500,'2020-12-05',48),
(884,'konsumsi dan perjalanan dinas',122000,'2020-12-06',13),
(885,'5000pcs 22oz starindo ',1950000,'2020-12-07',1),
(886,'3000pcs tutup starindo',450000,'2020-12-07',1),
(887,'2000pcs 14oz oval universal',760000,'2020-12-07',1),
(888,'1000pcs 16oz oval univerasl',380000,'2020-12-07',1),
(889,'1000pcs 16oz oval sap',450000,'2020-12-07',1),
(890,'5000pcs 12oz oval intercup',2000000,'2020-12-07',1),
(891,'bremol 1kg',90000,'2020-12-07',24),
(892,'karyawan freelance',75000,'2020-12-07',55),
(893,'gajih amat',80000,'2020-12-07',31),
(894,'kain screen',80000,'2020-12-07',17),
(895,'perjalanan dan konsumsi dinas',118000,'2020-12-07',13),
(896,'lemfox',10000,'2020-12-08',26),
(897,'kain majun',15000,'2020-12-08',42),
(898,'anak magang ',10000,'2020-12-08',55),
(899,'karyawan freelance',30000,'2020-12-08',55),
(900,'gajih amat',80000,'2020-12-08',31),
(901,'diskon terjebak kopi',30000,'2020-12-09',51),
(902,'ongkir cup duta trans',84000,'2020-12-09',4),
(903,'karyawan freelance',25000,'2020-12-09',55),
(904,'2ltr',76000,'2020-12-09',2),
(905,'makan makan bersama bbq bms aniver 1st',385000,'2020-12-09',16),
(906,'tissu',15000,'2020-12-09',27),
(907,'3 bungkus',30000,'2020-12-09',28),
(908,'minyak goreng',9000,'2020-12-09',23),
(909,'4 botol',58000,'2020-12-09',6),
(910,'gajih amat',160000,'2020-12-09',31),
(911,'gajih amat',160000,'2020-12-11',31),
(912,'anak magang ',10000,'2020-12-11',55),
(913,'karyawan freelance',25000,'2020-12-11',55),
(914,'1ltr',85000,'2020-12-10',10),
(915,'1ltr',72000,'2020-12-10',8),
(916,'2ltr',70000,'2020-12-10',2),
(917,'2ltr',60000,'2020-12-10',3),
(918,'lemfox',10000,'2020-12-10',26),
(919,'plaster ',10000,'2020-12-10',5),
(920,'teko minum',10000,'2020-12-10',5),
(921,'sosis bbq',20000,'2020-12-10',16),
(922,'beli minuman bersama2',20000,'2020-12-10',16),
(923,'karyawan freelance',25000,'2020-12-10',55),
(924,'gajih amat',160000,'2020-12-10',31),
(925,'anak magang ',10000,'2020-12-10',55),
(926,'konsumsi meeting',68000,'2020-12-10',13),
(927,'jaga malam',50000,'2020-12-11',53),
(928,'keset 3pcs',30000,'2020-12-12',5),
(929,'lakban 6pcs',30000,'2020-12-12',44),
(930,'lem korea ',20000,'2020-12-12',5),
(931,'karter sama isi',15000,'2020-12-12',5),
(932,'kain majun',15000,'2020-12-12',42),
(933,'potongan lotus kopi',15000,'2020-12-12',51),
(934,'ongkir bengkel coffee muara teweh',73500,'2020-12-12',4),
(935,'karyawan freelance',75000,'2020-12-12',55),
(936,'gajih amat',160000,'2020-12-12',31),
(937,'gajih apid',900000,'2020-12-12',32),
(941,'refund bengkel coffee',106500,'2020-12-13',1),
(942,'diskon derajat',30000,'2020-12-16',51),
(943,'5000pcs 12oz oval intercup',2000000,'2020-12-14',1),
(945,'4 botol',60000,'2020-12-14',6),
(946,'3 bungkus',30000,'2020-12-14',28),
(947,'2000pcs 16oz intercup',760000,'2020-12-14',1),
(948,'1 bungkus',11000,'2020-12-14',27),
(949,'karyawan freelance',100000,'2020-12-14',1),
(950,'bremol 1kg',90000,'2020-12-14',1),
(951,'kain screen',80000,'2020-12-14',17),
(952,'solarshowcase',50000,'2020-12-14',5),
(953,'ongkir bam kepelaihari',30000,'2020-12-14',4),
(954,'gajih amat',160000,'2020-12-14',31),
(955,'5000pcs 22oz starindo ',1950000,'2020-12-15',1),
(956,'2000pcs tutup 220z',300000,'2020-12-15',1),
(957,'3000pcs 16oz intercup',1320000,'2020-12-15',1),
(958,'ongkir cup bam barbangga coffee',45000,'2020-12-15',4),
(959,'karyawan freelance',75000,'2020-12-15',55),
(960,'ongkir cup duta trans',60000,'2020-12-15',4),
(961,'gajih amat',80000,'2020-12-15',31),
(962,'1botol',90000,'2020-12-15',24),
(963,'3 kaleng',225000,'2020-12-15',8),
(964,'1000pcs 12oz starindo',220000,'2020-12-15',1),
(965,'500pcs 16oz starindo',121000,'2020-12-15',1),
(966,'plastik ',35000,'2020-12-15',5),
(967,'tutup 22oz 500pcs',90000,'2020-12-15',1),
(969,'konsumsi meeting',55000,'2020-12-16',13),
(970,'gajih amat',160000,'2020-12-16',31),
(971,'karyawan freelance',75000,'2020-12-16',55),
(972,'ongkir kopi cucu pky',35000,'2020-12-16',4),
(973,'ongkir dapurfuzzywuzzy',65000,'2020-12-16',4),
(974,'gajih amat',160000,'2020-12-17',31),
(975,'karyawan freelance',25000,'2020-12-17',55);

/*Table structure for table `user` */

DROP TABLE IF EXISTS `user`;

CREATE TABLE `user` (
  `id` int(11) NOT NULL AUTO_INCREMENT,
  `name` varchar(255) DEFAULT NULL,
  `email` varchar(255) DEFAULT NULL,
  `password` varchar(255) DEFAULT NULL,
  `role_id` int(11) DEFAULT NULL,
  `is_active` int(255) DEFAULT NULL,
  `date_created` date DEFAULT NULL,
  PRIMARY KEY (`id`) USING BTREE
) ENGINE=InnoDB AUTO_INCREMENT=2 DEFAULT CHARSET=latin1 ROW_FORMAT=DYNAMIC;

/*Data for the table `user` */

insert  into `user`(`id`,`name`,`email`,`password`,`role_id`,`is_active`,`date_created`) values 
(1,'Berkat Mulia Sablon Est 9/12/2019','admin','admin',1,1,'2020-08-25');

/*Table structure for table `user_role` */

DROP TABLE IF EXISTS `user_role`;

CREATE TABLE `user_role` (
  `id` int(11) NOT NULL AUTO_INCREMENT,
  `role` varchar(255) DEFAULT NULL,
  PRIMARY KEY (`id`) USING BTREE
) ENGINE=InnoDB AUTO_INCREMENT=4 DEFAULT CHARSET=latin1 ROW_FORMAT=DYNAMIC;

/*Data for the table `user_role` */

insert  into `user_role`(`id`,`role`) values 
(1,'administrator'),
(2,'member'),
(3,'view');

/*!40101 SET SQL_MODE=@OLD_SQL_MODE */;
/*!40014 SET FOREIGN_KEY_CHECKS=@OLD_FOREIGN_KEY_CHECKS */;
/*!40014 SET UNIQUE_CHECKS=@OLD_UNIQUE_CHECKS */;
/*!40111 SET SQL_NOTES=@OLD_SQL_NOTES */;
